movie_id,year,universalism,egalitarianism,progress
1977_Close.Encounters.of.the.Third.Kind.Collectors.Edition.1977.720p.BluRay.DTS.x264-ESiR.ENG,1977,0.11428571428571428,-0.14857142857142858,0.08857142857142856
1977_Looking.For.Mr.Goodbar.ENG.PAL.en,1977,-0.3557692307692308,-0.36153846153846153,-0.4153846153846154
1977_Oh God  Dvdrip Xvid-OlFa_English,1977,0.45348837209302323,0.32790697674418606,0.10232558139534885
1977_Saturday.Night.Fever.1977.720p.BluRay.x264-CiNEFiLE.ENG,1977,-0.4056603773584906,-0.47735849056603774,-0.3622641509433962
1977_Star.Wars.Episode.IV.A.New.Hope.(1977).DVDRip.XviD-UnSeeN,1977,0.06136363636363637,-0.12272727272727274,0.02045454545454545
1977_The Turning Point 1977 720p BRRip x264-PLAYNOW,1977,0.01578947368421053,-0.08684210526315789,-0.12105263157894736
1977_The.Deep.1977.1080p.BluRay.4xRus.Eng.HDCLUB.ENG,1977,-0.14285714285714285,-0.32142857142857145,-0.35714285714285715
1977_The.Spy.Who.Loved.Me.1977.DVD5.720p.HDTV.x264-NBS.eng,1977,-0.08620689655172414,-0.29310344827586204,-0.13793103448275862
1977_The.exorcist.II.-.the.heretic.[shareprovider.com],1977,0.07142857142857142,-0.10357142857142858,-0.125
1978_Every.Which.Way.But.Loose.1978.1080p.BluRay.x264-aAF.ENG,1978,-0.19696969696969696,-0.2727272727272727,-0.42424242424242425
1978_Grease,1978,-0.08,-0.228,-0.31
1978_Heaven.Can.Wait.1978.(El.Cielo.Puede.Esperar).DVDRip.XviD.MP3.Dual.ENG-ESP.English,1978,0.05813953488372093,-0.016279069767441864,0.009302325581395347
1978_Jaws.2.ENG.25FPS,1978,-0.045454545454545456,-0.045454545454545456,-0.25757575757575757
1978_Superman.1978.Special.Edition.720p.BluRay.x264.DTS-WiKi.eng,1978,0.09090909090909091,-0.0659090909090909,-0.0045454545454545435
1979_10,1979,-0.07142857142857142,-0.14285714285714285,-0.2261904761904762
1979_Alien.1979.Directors.Cut.720p.BluRay.x264.DTS-WiKi.EN,1979,-0.24285714285714285,-0.24285714285714285,-0.2714285714285714
1979_Apocalypse Now Redux.en,1979,-0.5492957746478874,-0.5492957746478874,-0.6338028169014085
1979_Moonraker. 1979. BluRay. 720p. x264. AC3-CMCT,1979,-0.09583333333333333,-0.33749999999999997,0.09166666666666667
1979_Rocky II,1979,-0.040983606557377046,-0.054098360655737705,-0.08196721311475409
1979_Star Trek - The Motion Picture,1979,0.35526315789473684,-0.06315789473684211,0.48947368421052634
1979_The.Amityville.Horror.1979.Blu-ray.Re.x264.1080p.DTS-HDS.ENG,1979,-0.08928571428571429,-0.125,-0.32142857142857145
1979_The.Jerk.1979.1080p.HDDVD.x264-FSiHD.ENG_HI,1979,-0.05454545454545454,-0.045454545454545456,-0.17272727272727273
1979_meatballs.1979.720p.bluray.x264-psychd-eng,1979,-0.08249999999999999,-0.08,-0.17250000000000001
1980_Any.Which.Way.You.Can.1980.XViD.5.1.AC3-ShitBusters.ENG,1980,-0.15,-0.2033333333333333,-0.44666666666666666
1980_Coal Miners Daughter (1980) HDTV 2h 4m 8s @23.976fps.ENG-Hi,1980,-0.08,-0.016,-0.142
1980_Kramer.vs.Kramer.BluRay.1080p.DTS.x264.dxva-EuReKA.ENG,1980,-0.02888888888888889,-0.031111111111111114,-0.022222222222222216
1980_Nine to Five,1980,-0.19230769230769232,-0.18974358974358976,-0.19743589743589743
1980_Ordinary.People.1980.720p.WEB-DL.AAC2.0.H.264-BS.eng,1980,-0.13043478260869565,-0.1565217391304348,-0.034782608695652174
1980_Private.Benjamin.1980.720p.HDTVRip.XviD.AC3-RARBG.eng,1980,-0.15853658536585366,-0.17073170731707318,-0.10975609756097561
1980_SW.Episode.5.The.Empire.Strikes.Back.1980.BluRay.1080p.DTSES6.1.x264-CHD.eng,1980,-0.018421052631578946,-0.1105263157894737,-0.005263157894736844
1980_Stir Crazy,1980,-0.10606060606060606,-0.24848484848484848,-0.26666666666666666
1980_The.Blues.Brothers.1980.EXTENDED.720p.BluRay.X264-AMIABLE,1980,0.0196078431372549,-0.027450980392156866,-0.2196078431372549
1981_Bustin Loose (1981) - LordSadler,1981,0.026666666666666665,0.013333333333333326,-0.1111111111111111
1981_Endless.Love,1981,-0.20285714285714285,-0.22857142857142856,-0.38571428571428573
1981_Excalibur,1981,0.18974358974358976,-0.1564102564102564,-0.27435897435897433
1981_For.Your.Eyes.Only.1981.REAL.REPACK.1080p.BluRay.x264-RoCKRioT.ENG,1981,-0.1,-0.3,-0.2
1981_History.Of.The.World.Part.I.1981.1080p.BluRay.x264-CiNEFiLE.ENG,1981,-0.2857142857142857,-0.3142857142857143,-0.3542857142857143
1981_Stripes.1981.720p.BluRay.x264-CiNEFiLE,1981,-0.15217391304347827,-0.21304347826086958,-0.2434782608695652
1981_Superman.II.The.Richard.Donner.Cut.1980.720p.BluRay.x264.DTS-WiKi.eng,1981,-0.13513513513513514,-0.35945945945945945,-0.34594594594594597
1981_The Four Seasons (1981)_aw,1981,-0.07733333333333334,-0.108,-0.22133333333333335
1981_The.Great.Muppet.Caper.1981.AE.DVDRip.XviD-Shoo.ENG,1981,0.13636363636363635,0.08409090909090909,-0.05909090909090908
1981_the cannonball run eng bluray,1981,-0.18444444444444447,-0.3622222222222222,-0.37555555555555553
1982_An.Officer.and.a.Gentleman.1982.720p.BluRay.X264-AMIABLE,1982,-0.3170731707317073,-0.42195121951219516,-0.36341463414634145
1982_Arthur.1981.DudleyMoore(Huey),1982,-0.15333333333333335,-0.28888888888888886,-0.34
1982_E.T.The.Extra-Terrestrial.1982.720p.BluRay.X264-AMIABLE,1982,0.3266666666666667,0.12333333333333334,0.12666666666666665
1982_Indiana.Jones.And.The.Raiders.Of.The.Lost.Ark.(1981).DVDrip.Xvid-DEiTY,1982,-0.17142857142857143,-0.2857142857142857,-0.33428571428571424
1982_Poltergeist.1982.1080p.BluRay.x264-iKA.ENG,1982,0.03636363636363636,-0.04242424242424242,-0.13333333333333333
1982_Porkys,1982,-0.6639344262295082,-0.6639344262295082,-0.6639344262295082
1982_Rocky III,1982,-0.195,-0.21000000000000002,-0.095
1982_Star Trek 02 Wrath Of Khan 1982 1280x528.eng,1982,0.004081632653061224,-0.11020408163265306,0.1489795918367347
1982_The Best Little Whorehouse In Texas - 1982,1982,-0.2122448979591837,-0.25918367346938775,-0.35714285714285715
1983_Flashdance.[Flashdance].1983.DVDRip.XviD.telumethar.eDonkers.cd1.ENG,1983,-0.09375,-0.18125,-0.031249999999999997
1983_Mr. Mom. 1983. DVDRip. x264-NoRBiT,1983,-0.02631578947368421,0.10263157894736842,-0.042105263157894736
1983_National.Lampoons.Vacation.1983.720p.BluRay.DD1.0.x264-CtrlHD,1983,-0.14166666666666666,-0.22708333333333333,-0.3541666666666667
1983_Octopussy.1983.DVD5.720p.HDTV.x264-NBS.eng,1983,-0.17857142857142858,-0.42857142857142855,-0.26785714285714285
1983_Risky.Business.1983.PROPER.1080p.BluRay.x264-TFiN.ENG,1983,-0.18421052631578946,-0.32894736842105265,-0.34210526315789475
1983_SW.Episode.6.Return.of.the.Jedi.1983.BluRay.1080p.DTSES6.1.x264-CHD.eng,1983,0.029411764705882353,-0.11764705882352941,0.11470588235294117
1983_Staying.Alive.1983.DVDRip.XviD.AR - ENG,1983,-0.125,-0.25,0.08333333333333333
1983_Tootsie,1983,0.105,0.15166666666666667,0.08833333333333333
1983_Trading.Places.1983.BluRay.1080p.DTS.x264.dxva-FTW-HD.ENG,1983,-0.3918918918918919,-0.33783783783783783,-0.33783783783783783
1983_WarGames.1983.1080p.BluRay.H264.AAC-RARBG.Hi,1983,-0.06,-0.17600000000000002,-0.134
1984_Beverly.Hills.Cop.1984.720p.BluRay.x264.DTS-WiKi.eng,1984,-0.125,-0.125,-0.2361111111111111
1984_Footloose dvd rip[eng]XviD.Rets.en,1984,-0.02702702702702703,-0.07567567567567567,0.05135135135135135
1984_Ghostbusters.1984.SE.DVDRip.XviD-UnSeeN.en,1984,-0.05263157894736842,-0.17894736842105263,-0.031578947368421054
1984_Gremlins. 1984. 1080p. Bluray. X264-DIMENSION. ENG,1984,-0.1774193548387097,-0.21935483870967742,-0.25161290322580643
1984_Indiana Jones and the Temple of Doom 1984 1080p Blu-ray AVC DTS-HD,1984,-0.05172413793103448,-0.2275862068965517,-0.3103448275862069
1984_Police.Academy.1984.720p.BluRay.X264-AMIABLE,1984,-0.2222222222222222,-0.22499999999999998,-0.3416666666666667
1984_Romancing.the.Stone.1984.720p.BluRay.x264-ESiR.ENG,1984,-0.14,-0.28,-0.32
1984_Star Trek 03 Search For Spock 1984 1280x544.eng,1984,0.02857142857142857,-0.1261904761904762,0.10952380952380951
1984_Terms.of.Endearment.1983.720p.BluRay.X264-AMIABLE,1984,-0.03636363636363636,-0.2,-0.3218181818181818
1984_The.Karate.Kid.1984.1080p.BluRay.x264-CiNEFiLE.ENG,1984,0.1782608695652174,0.13478260869565215,0.14565217391304347
1985_Back.To.The.Future.1985.720p.BluRay.x264.DTS-WiKi.eng,1985,-0.03529411764705882,-0.07647058823529411,0.31960784313725493
1985_Beverly. Hills. Cop. 1984. 720p. BluRay. x264. DTS-WiKi. eng,1985,-0.125,-0.1111111111111111,-0.2222222222222222
1985_Cocoon.1985.1080p.BluRay.x264-CiNEFiLE.ENG,1985,0.16904761904761903,0.01904761904761905,-0.004761904761904763
1985_Fletch.1985.1080p.BluRay.x264-Japhson.ENG,1985,-0.13725490196078433,-0.2411764705882353,-0.2235294117647059
1985_Police.Academy.2.Their.First.Assignment.1985.720p.BluRay.FLAC.x264-CtrlHD,1985,-0.08823529411764706,-0.06470588235294118,-0.13529411764705881
1985_Rambo Acorralado II (1985)1080p-Dual-momos-[.HDG].ENG,1985,-0.16666666666666666,-0.2,-0.3333333333333333
1985_Rocky IV,1985,0.178125,-0.025,0.012499999999999997
1985_The.Goonies.1985.720p.BluRay.DTS.x264-ESiR.ENG,1985,-0.004347826086956521,0.017391304347826087,-0.15434782608695652
1985_Witness,1985,-0.07200000000000001,-0.252,-0.35200000000000004
1986_Aliens.1986.Special.Edition.720p.BluRay.x264.DTS-WiKi.EN,1986,-0.1111111111111111,-0.12037037037037036,-0.13333333333333333
1986_Back to School (1986).ENG,1986,-0.08823529411764706,-0.1450980392156863,-0.1980392156862745
1986_Crocodile.Dundee.1986.720p.BluRay.X264-AMIABLE,1986,-0.008571428571428572,-0.10571428571428572,-0.28285714285714286
1986_Ferris.Buellers.Day.Off.1986.1080p.BluRay.x264-CiNEFiLE.ENG,1986,-0.12195121951219512,-0.2073170731707317,-0.24390243902439024
1986_Out.Of.Africa.1985.REMASTERED.720p.BluRay.DTS.x264-PublicHD,1986,0.09583333333333333,-0.21041666666666667,-0.30624999999999997
1986_Ruthless.People.1986.German.DL.720p.HDTV.DD5.1.x264.eng,1986,-0.5256410256410257,-0.5128205128205128,-0.48717948717948717
1986_Star Trek 04 Voyage Home 1986 1280x544.eng,1986,0.4111111111111111,0.12444444444444444,0.4755555555555555
1986_The Color Purple_DVDrip_aviM720_DVD1_en,1986,-0.29545454545454547,-0.509090909090909,-0.49090909090909096
1986_The. Karate. Kid. Part. II. 1986. 1080p. BluRay. x264-LCHD. ENG,1986,0.203125,0.10625,-0.028124999999999997
1986_Top Gun,1986,-0.10714285714285714,-0.21428571428571427,-0.32142857142857145
1987_Beverly.Hills.Cop.II.1987.720p.BluRay.x264.DTS-WiKi.eng,1987,-0.14893617021276595,-0.2553191489361702,-0.26595744680851063
1987_Fatal Attraction 1987 1080p BluRay Remux AVC TrueHD 5. 1 COMM-KESH. EN 23. 976,1987,-0.2692307692307692,-0.28205128205128205,-0.3333333333333333
1987_Lethal.Weapon.1.1987.1080p.BluRay.x264-CtrlHD.ENG,1987,-0.40789473684210525,-0.42105263157894735,-0.4868421052631579
1987_Platoon 1986 H264 Special Edition DVDRip,1987,-0.4945945945945946,-0.4783783783783784,-0.5135135135135135
1987_Predator.1987.DVDRip.XviD.ShitBusters.ENG,1987,-0.4666666666666667,-0.43333333333333335,-0.4666666666666667
1987_Stakeout (ENG),1987,-0.27631578947368424,-0.2894736842105263,-0.40789473684210525
1987_The.Secret.of.My.Success.1987.720p.BluRay.X264-AMIABLE,1987,-0.1511627906976744,-0.18604651162790697,-0.023255813953488372
1987_The.Untouchables.1987.720p.BluRay.DTS.x264-ESiR.ENG,1987,-0.22727272727272727,-0.24848484848484848,-0.07575757575757576
1987_The.Witches.Of.Eastwick.1987.1080p.Bluray.X264-BRMP.ENG,1987,-0.23076923076923078,-0.3025641025641026,-0.31025641025641026
1987_Three Men and a Baby_(1987)_CtB,1987,0.07446808510638298,0.046808510638297864,-0.03404255319148936
1988_Beetle.Juice.1988.720p.BluRay.x264-REVEiLLE.ENG,1988,-0.140625,-0.265625,-0.375
1988_Big.1988.Extended.Edition.720p.BluRay.x264.YIFY.eng,1988,-0.019230769230769232,-0.023076923076923075,-0.15
1988_Cocktail_Eng,1988,-0.19729729729729728,-0.4081081081081081,-0.22702702702702704
1988_Coming.To.America.1988.1080p.BluRay.x264-Japhson.ENG,1988,0.1272727272727273,0.1424242424242424,0.05151515151515152
1988_Crocodile. Dundee. II. 1988. 720p. BluRay. x264-PSYCHD,1988,-0.12903225806451613,-0.0967741935483871,-0.3548387096774194
1988_Die.Hard.1988.Bluray.1080p.DTSMA.x264.dxva-FraMeSToR.ENG,1988,-0.4,-0.37,-0.39
1988_Good Morning Vietnam,1988,-0.045454545454545456,-0.07454545454545455,-0.2381818181818182
1988_Moonstruck.1987.DVDRip.XviD-Shoo.ENG,1988,-0.04878048780487805,-0.15365853658536585,-0.375609756097561
1988_Who.Framed.Roger.Rabbit.1988.720p.BluRay.x264-HD4U,1988,-0.15384615384615385,-0.23076923076923078,-0.28717948717948716
1989_ARG-LETHAL_WEAPON_2_1989__PALDVDRIP__XVID_MP3_ENG__A_RG,1989,-0.25555555555555554,-0.29555555555555557,-0.33111111111111113
1989_Back.to.the.Future.Part.II.1989.720p.BluRay.X264-AMIABLE,1989,-0.19,-0.32,-0.09
1989_Batman.1989.720p.BluRay.x264-SiNNERS.ENG,1989,-0.28125,-0.353125,-0.303125
1989_Dead Poets Society 1989 ENG 25fps SDH utf-8,1989,0.14833333333333334,0.09666666666666666,0.14666666666666667
1989_Ghostbusters.II.1989.720p.BluRay.X264-AMIABLE-HI,1989,0.0035087719298245606,-0.04736842105263158,-0.012280701754385967
1989_Honey.I.Shrunk.The.Kids.1989.DVDRip.XviD.ENG,1989,0.058823529411764705,0.0,-0.058823529411764705
1989_Indiana.Jones.And.The.Last.Crusade.(1989).DVDRiP.XViD-DEiTY,1989,0.0,-0.2041666666666667,-0.20625000000000002
1989_Look_Who_Is_Talking_Eng,1989,-0.09333333333333332,-0.14666666666666667,-0.14
1989_Parenthood (1989),1989,-0.054385964912280704,-0.12456140350877193,-0.16666666666666666
1989_Rain Man (1988).eng,1989,-0.10327868852459016,-0.18524590163934426,-0.260655737704918
1990_Dick.Tracy.1990.DVDRip.INTERNAL.XviD-VH-PROD,1990,-0.2159090909090909,-0.38636363636363635,-0.31363636363636366
1990_Die.Hard.2.1990.1080p.BluRay.x264-WPi.ENG,1990,-0.27611940298507465,-0.3567164179104477,-0.32238805970149254
1990_Driving Miss Daisy,1990,0.11666666666666667,0.19166666666666665,0.03611111111111111
1990_Ghost,1990,-0.020833333333333332,-0.08333333333333333,-0.25833333333333336
1990_Home.Alone.1990.1080p.BluRay.x264-HD1080.ENG,1990,-0.12857142857142856,-0.24285714285714285,-0.2942857142857143
1990_Pretty.Woman.1990.720p.BluRay.x264-AVS720.eng,1990,-0.06111111111111111,-0.20925925925925928,-0.04814814814814815
1990_Teenage.Mutant.Ninja.Turtles.1990.1080p.BluRay.x264-HDCLASSICS.ENG,1990,0.0,-0.08888888888888889,-0.18055555555555555
1990_The.Hunt.For.Red.October.1990.720p.HDDVD.x264-SiNNERS.ENG,1990,-0.05405405405405406,-0.20270270270270271,0.06486486486486487
1990_Total.Recall.1990.BluRay.1080p.x264.DTS.dxva-xander.ENG,1990,-0.24444444444444446,-0.3611111111111111,-0.11666666666666667
1990_back.to.the.future.part.3.1990.720p.bluray.x264-nezu.eng,1990,-0.030952380952380953,-0.04285714285714286,0.17857142857142858
1991_City.Slickers.1991.1080p.X264.BluRay.X264-AMIABLE,1991,-0.08823529411764706,-0.11568627450980393,-0.10392156862745097
1991_Dances.With.Wolves.1990.Directors.Cut.BRRip.XviD.AC3-FLAWL3SS.fixed,1991,0.16444444444444445,0.006666666666666663,-0.10888888888888888
1991_Home.Alone.1990.1080p.BluRay.x264-HD1080.ENG,1991,-0.14285714285714285,-0.24857142857142855,-0.2714285714285714
1991_Sleeping.with.the.Enemy.1991.720p.BluRay.x264-HD4U-eng,1991,-0.04,-0.128,-0.044000000000000004
1991_Teenage Mutant Ninja Turtles 2,1991,0.0,-0.06571428571428571,-0.022857142857142857
1991_Terminator.2.Judgement.Day.Directors.Cut.1991.1080p.HDDVD.DTS.x264-hV.ENG,1991,-0.058823529411764705,-0.16176470588235295,0.22352941176470587
1991_The.Addams.Family.1991.720p.BluRay.X264-AMIABLE,1991,-0.125,-0.2222222222222222,-0.3194444444444444
1991_The.Naked.Gun.2.1.2.The.Smell.of.Fear.1991.BluRay.720p.DTS.x264-beAst.eng,1991,0.017241379310344827,-0.1620689655172414,-0.034482758620689655
1991_The.Silence.Of.The.Lambs.1991.BluRay.1080p.DTS.x264.dxva-EuReKA.ENG,1991,-0.2647058823529412,-0.34411764705882353,-0.2735294117647059
1992_A LEAGUE OF THEIR OWN [1992][MP3][DVDRIP-M333]-FLAWL3SS,1992,0.06727272727272728,0.20363636363636362,0.17272727272727273
1992_ARG-LETHAL_WEAPON_3___1992__PALDVDRIP__XVID_MP3_ENG__A_RG,1992,-0.13709677419354838,-0.16129032258064516,-0.2661290322580645
1992_Aladdin.1992.1080p.BluRay.X264-AMIABLE,1992,-0.11555555555555556,-0.26666666666666666,-0.2066666666666667
1992_Basic.Instinct.1992.720p.HDDVD.x264-ESiR,1992,-0.4,-0.4375,-0.5125
1992_Batman.Returns.1992.1080p.BluRay.x264-CiNEFiLE.ENG,1992,-0.3228571428571429,-0.3542857142857143,-0.34857142857142853
1992_Home Alone 2_ Lost in New York,1992,-0.05714285714285714,-0.06571428571428573,-0.20857142857142857
1992_Sister Act (1992)(includes lyrics),1992,0.19090909090909092,0.17636363636363636,0.1109090909090909
1992_The Hand That Rocks the Cradle [1992],1992,-0.07714285714285715,-0.03428571428571429,-0.18285714285714286
1992_Under.Siege.1992.1080p.Bluray.x264-Q.ENG,1992,-0.32894736842105265,-0.40263157894736845,-0.3868421052631579
1992_waynes.world.1992.DVDRip.XviD.FBM.ENG,1992,0.010810810810810811,-0.1108108108108108,-0.1108108108108108
1993_Cliffhanger.1993.Blu-ray.720p.x264.DTS-CHD.ENG,1993,-0.2361111111111111,-0.2777777777777778,-0.3194444444444444
1993_Few Good Men (1992).DVD.NonHI.pcc.en.CLMB,1993,-0.21958762886597938,-0.2134020618556701,-0.2515463917525773
1993_In.the.Line.of.Fire.1993.Blu-ray.720p.x264.DD51-HiS@SiLUHD.ENG,1993,-0.25,-0.29,-0.44333333333333336
1993_Jurassic.Park.TUC.1993.DVDRip.XviD.Subs.EN-UnSeeN,1993,0.07567567567567567,-0.0945945945945946,0.2189189189189189
1993_Mrs.Doubtfire.1993.720p.BluRay.x264-SiNNERS,1993,0.1,0.01,-0.02
1993_Proposta.Indecente.[1993].DVDRip.WS.AC3.UnitedShare.ENG,1993,-0.1,-0.31935483870967746,-0.26129032258064516
1993_Sleepless In Seattle (1993).DVD.NonHI.pcc.en.TRSTR,1993,0.11194029850746269,0.014925373134328358,-0.12388059701492539
1993_The.Firm.1993.720p.BluRay.X264-AMIABLE,1993,-0.27166666666666667,-0.38666666666666666,-0.26999999999999996
1993_The.Fugitive.1993.Blu-ray.Re.x264.1080p.DTS-HDS.ENG,1993,-0.05952380952380952,-0.10714285714285714,-0.10714285714285714
1994_Clear.And.Present.Danger.1994.1080p.HDDVD.x264-hV.ENG,1994,-0.19210526315789472,-0.29473684210526313,-0.3263157894736842
1994_Forrest Gump_1994_DVDrip_aviM720_en,1994,0.2676056338028169,0.2352112676056338,0.07323943661971831
1994_Interview.with.the.Vampire.2008.720p.BluRay.x264-ESiR.ENG,1994,-0.3642857142857143,-0.41190476190476194,-0.4738095238095238
1994_Speed.1994.BluRay.1080p.DTS.x264.dxva-EuReKA.ENG,1994,-0.13157894736842105,-0.13157894736842105,-0.18421052631578946
1994_The.Flintstones.1994.720p.BluRay.x264-TRiPS,1994,-0.047619047619047616,-0.1619047619047619,-0.2523809523809524
1994_The.Lion.King.1994.720p.BluRay.DD5.1.x264-DON,1994,0.0375,-0.13,-0.065
1994_The.Mask.1994.BluRay.1080p.DTS.x264.dxva-EuReKA.ENG,1994,-0.1111111111111111,-0.21666666666666667,-0.2138888888888889
1994_The.Santa.Clause.1994.DVDRip.XviD.iNTERNAL-iLs,1994,0.24390243902439024,0.2073170731707317,-0.15609756097560976
1994_True.Lies.1994.720p.DTheater.DD5.1.x264-EbP,1994,-0.3017241379310345,-0.4051724137931034,-0.35344827586206895
1995_Ace.Ventura.When.Nature.Calls.1995.720p.BluRay.X264-AMIABLE,1995,0.06451612903225806,-0.15806451612903227,-0.15483870967741936
1995_Apollo.13.1995.DVDRip.Xvid.AC3-GoRDo.ENG,1995,0.23968253968253966,0.10634920634920635,0.546031746031746
1995_Batman. Forever. 1995. 1080p. BluRay. x264-CULTHD. ENG,1995,-0.24523809523809526,-0.30238095238095236,-0.2523809523809524
1995_Casper.1995.720p.BluRay.X264-AMIABLE,1995,0.0,-0.06666666666666667,-0.1638888888888889
1995_Crimson.Tide.1995.1080p.Bluray.x264-FSiHD.ENG,1995,-0.20833333333333334,-0.29791666666666666,-0.3
1995_Die.Hard.With.A.Vengeance.1995.1080p.BluRay.x264-WPi.ENG,1995,-0.3113207547169811,-0.3264150943396227,-0.33207547169811324
1995_Pocahontas.1995.720p.BluRay.x264.DTS-WiKi.eng,1995,-0.030303030303030304,-0.16666666666666666,-0.09999999999999999
1995_Toy Story,1995,0.13513513513513514,0.16216216216216217,0.040540540540540536
1995_Waterworld.en,1995,-0.3236842105263158,-0.4394736842105263,-0.3078947368421052
1996_101_dalmatians-en,1996,-0.2857142857142857,-0.275,-0.31071428571428567
1996_A.Time.To.Kill.1996.1080p.BluRay.x264-VOA,1996,-0.23880597014925373,-0.2537313432835821,-0.2955223880597015
1996_Independence.Day.1996.1080p.BluRay.DTS.x264-HDME.ENG,1996,0.045,-0.07375000000000001,-0.007500000000000002
1996_Mission.Impossible.1996.720p.BluRay.DD.x264-ESiR.ENG,1996,-0.175,-0.275,-0.025
1996_Ransom_EN,1996,-0.47959183673469385,-0.5142857142857142,-0.536734693877551
1996_The First Wives Club,1996,-0.023255813953488372,0.05813953488372093,0.09302325581395349
1996_The.Birdcage.1996.720p.BluRay.X264-AMIABLE-HI,1996,-0.03508771929824561,-0.014035087719298251,-0.043859649122807015
1996_The.Nutty.Professor.1996.720p.DVD5.HDDVD.x264-hV.English,1996,-0.22388059701492538,-0.3567164179104477,-0.19552238805970149
1996_The.Rock.1996.CRiTERiON.DVDRip.XviD.AC3-UnSeeN,1996,-0.2830188679245283,-0.4056603773584906,-0.3584905660377358
1996_Twister.1996.720p.BluRay.x264-HALCYON,1996,0.015217391304347825,-0.03695652173913044,0.30434782608695654
1997_Air.Force.One.1997.720p.BRrip.x264.YIFY,1997,-0.10789473684210525,-0.22894736842105262,-0.24473684210526317
1997_Batman.and.Robin.1997.1080p.BluRay.x264-CULTHD.ENG,1997,-0.09230769230769231,-0.23333333333333334,-0.24102564102564103
1997_Face.Off.1997.1080p.BD9.OXiDE.ENG,1997,-0.3888888888888889,-0.44722222222222224,-0.4555555555555555
1997_George Of The Jungle (1997).en,1997,0.04594594594594594,-0.07297297297297298,-0.17567567567567569
1997_Liar Liar,1997,-0.14864864864864866,-0.15675675675675677,-0.13513513513513514
1997_Men.In.Black.1997.1080p.Blu-ray.AVC.DTS-HD.MA.5.1-CHDBits.english,1997,0.13055555555555556,-0.036111111111111115,0.10555555555555556
1997_My.Best.Friends.Wedding.1997.BDRip.X264-TLF,1997,-0.07317073170731707,-0.12682926829268293,-0.2878048780487805
1997_The.Lost.World.Jurassic.Park.1997.m-HD.AAC.Roboris.eng,1997,0.021875,-0.125,-0.015625
1997_Titanic.1997.720p.BluRay.X264-AMIABLE,1997,0.041428571428571426,-0.09571428571428571,-0.3
1998_Armageddon.1998.BluRay.1080p.DTSMA.x264.dxva-SuBoXoNe.ENG,1998,0.07662337662337662,-0.1025974025974026,0.1077922077922078
1998_Deep Impact (1998),1998,0.08813559322033898,-0.14576271186440679,-0.01186440677966102
1998_Godzilla,1998,0.0,-0.13783783783783782,0.06756756756756757
1998_Good.Will.Hunting.1997.BluRay.1080p.DTS.h264.REMUX.dxva-EuReKA.ENG,1998,-0.07543859649122807,-0.07719298245614035,0.021052631578947368
1998_Rush Hour 1,1998,-0.2111111111111111,-0.38,-0.34
1998_Saving.Private.Ryan.720p.HDTV.Premiere.DTS.x264-ESiR,1998,-0.05689655172413793,-0.14655172413793102,-0.38103448275862073
1998_The.Waterboy.1998.INTERNAL.DVDRip.XViD-BeRRa,1998,-0.07105263157894737,-0.042105263157894736,0.055263157894736833
1998_Theres.Something.About.Mary.1998.Extended.1080p.BluRay.x264.Codres.ENG,1998,-0.2627118644067797,-0.3016949152542373,-0.4220338983050847
1998_dr_dolittle_engl,1998,0.18157894736842106,0.10263157894736841,0.028947368421052635
1999_Runaway Bride (1999) [BluRay] [1080p] [YTS.AM].eng,1999,-0.006557377049180327,0.004918032786885245,-0.10327868852459016
1999_Star Wars Episode I The Phantom Menace eng,1999,0.21555555555555553,-0.015555555555555557,0.2
1999_The Blair Witch Project.DVDRip.Occor,1999,-0.20930232558139536,-0.11627906976744186,-0.47674418604651164
1999_The.Matrix.1999.720p.HDDVD.DTS.x264-ESiR.ENG,1999,0.022727272727272728,-0.11818181818181818,0.2659090909090909
1999_The.Mummy.1999.Blu-ray.720p.x264.DTS-CHD.ENG,1999,-0.18571428571428572,-0.2571428571428571,-0.32857142857142857
1999_The.Sixth.Sense.1999.REMASTERED.720p.BluRay.x264-iLLUSiON,1999,0.1142857142857143,-0.01785714285714286,-0.18571428571428572
1999_Toy.Story.2.1999.DVDRip.XviD-ShitBusters,1999,0.11904761904761904,0.0761904761904762,-0.0380952380952381
1999_Walt Disney Tarzan(1999) XviD avi DVDrip,1999,0.27037037037037037,0.1111111111111111,0.011111111111111105
1999_[HDteam] Austin.Powers.La.Espia.que.me.Achucho.1999.[1080p].[BluRay].[x264].[Dual].[Subs]-by Ruben,1999,-0.17777777777777778,-0.2822222222222222,-0.29555555555555557
1999_big. daddy. 1999. 720p. bluray. x264-amiable. EN,1999,0.07115384615384615,0.015384615384615385,-0.08461538461538462
2000_Dinosaur.2000.PROPER.1080p.BluRay.x264-Japhson,2000,0.18823529411764706,0.14705882352941174,0.05294117647058823
2000_Erin Brokovich.2000.BluRay.1080p.x264-HQF.ENG,2000,0.2537037037037037,0.3444444444444444,0.27037037037037037
2000_Gladiator.EXTENDED.EDITION.2000.BluRay.1080p.DTS.x264.dxva-EuReKA.ENG,2000,-0.26222222222222225,-0.38666666666666666,-0.4177777777777778
2000_How.the.Grinch.Stole.Christmas.2000.REMASTERED.720p.BluRay.X264-AMIABLE,2000,-0.036585365853658534,-0.0878048780487805,-0.175609756097561
2000_Meet.the.Parents.2000.HD-DVD-Rip.x264.1080p.DTS-de[42].ENG,2000,-0.05660377358490566,-0.15283018867924528,-0.19056603773584904
2000_Mission.Impossible.II.2000.720p.BluRay.DTS.x264-ESiR.ENG,2000,-0.21666666666666667,-0.26666666666666666,-0.21666666666666667
2000_Scary Movie 1 iNT DvD RiP- WaCkOs,2000,-0.5595238095238095,-0.5714285714285714,-0.5952380952380952
2000_The.Perfect.Storm.2000.720p.BluRay.DDEX.x264-ESiR.ENG,2000,-0.01904761904761905,-0.13333333333333333,-0.39285714285714285
2000_What.Lies.Beneath.2000.720p.WEB-DL.DD5.1.H.264-ViGi,2000,-0.16666666666666666,-0.19444444444444445,-0.3472222222222222
2000_X-Men ;[2000];[1080p];[Shadowl0rd].ENG,2000,0.2391304347826087,0.13478260869565215,0.27391304347826084
2001_Hannibal.2001.1080p.BluRay.x264-iKA.ENG,2001,-0.3484848484848485,-0.4484848484848485,-0.49393939393939396
2001_Harry.Potter.and.the.Philosophers.Stone.2001.720p.HDDVD.DTS.x264-ESiR.ENG,2001,0.0902439024390244,-0.11707317073170734,-0.017073170731707315
2001_Jurassic.Park.III[2001]DvDrip-aXXo,2001,-0.037037037037037035,-0.1037037037037037,-0.13703703703703704
2001_Monsters.Inc.2001.BluRay.1080p.DTS.x264.dxva-EuReKA.ENG,2001,-0.022222222222222223,-0.04722222222222222,0.125
2001_Pearl.Harbor.2001.DVD9.720p.BluRay.x264-hV,2001,-0.11566265060240963,-0.13132530120481928,-0.1783132530120482
2001_Planet.of.the.Apes.2001.BluRay.720p.x264.DTS-MySiLU.eng,2001,-0.272,-0.35600000000000004,-0.248
2001_Rush.Hour.2.2001.720p.BluRay.X264-AMIABLE,2001,-0.15714285714285714,-0.22285714285714286,-0.27714285714285714
2001_Shrek,2001,-0.11290322580645161,0.03870967741935484,-0.12580645161290321
2001_The.Lord.of.the.Rings.The.Fellowship.of.the.Ring.Extended.Editions.2001.1080p.BluRay.x264.,2001,0.27166666666666667,0.028333333333333332,-0.08166666666666668
2001_The.Mummy.Returns.2001.720p.Blu-ray.x264.AC3-CHD.ENG,2001,-0.06666666666666667,-0.10740740740740741,-0.17407407407407408
2002_A.Beautiful.Mind.2001.BluRay.720p.DTS.x264-CHD.eng,2002,-0.018367346938775512,-0.08979591836734695,0.046938775510204075
2002_Austin.Powers.in.Goldmember.2002.720p.BluRay.x264-REVEiLLE.ENG,2002,-0.16279069767441862,-0.24883720930232556,-0.25813953488372093
2002_Harry.Potter.and.the.Chamber.of.Secrets.2002.720p.HDDVD.DTS.x264-ESiR.ENG,2002,-0.07450980392156863,-0.12745098039215685,-0.17647058823529413
2002_Ice Age.English,2002,-0.05263157894736842,-0.14210526315789473,-0.2263157894736842
2002_Men.In.Black.II.2002.1080p.Blu-ray.AVC.DTS-HD.MA.5,2002,0.1527777777777778,0.0,0.03333333333333333
2002_My.Big.Fat.Greek.Wedding.2002.DVDRip.XviD.AR - ENG,2002,0.24000000000000002,0.18999999999999997,0.28
2002_Signs.2002.720p.BluRay.x264.DTS-HDChina.eng,2002,0.05277777777777778,-0.019444444444444445,-0.36666666666666664
2002_Spider-Man.2002.720p.BluRay.DTS.x264-ESiR.ENG,2002,-0.0375,-0.1025,-0.0049999999999999975
2002_Star.Wars.Episode.II.Attack.of.the.Clones.(2002).DVDRip.XviD-UnSeeN,2002,-0.09268292682926829,-0.28536585365853656,-0.224390243902439
2002_[TLOTR]The.Two.Towers.CD1[2002][Special.Extended.Edition]DvDrip[Eng]-aXXo,2002,-0.07428571428571429,-0.22857142857142856,-0.26857142857142857
2003_Bad.Boys.II.2003.720p.BluRay.X264-AMIABLE,2003,-0.4609375,-0.4765625,-0.3984375
2003_Bruce.Almighty.2003.[1280x694].23.976fps.720p.BRRip.x264-ENG,2003,0.023809523809523808,-0.03333333333333333,-0.10714285714285714
2003_Chicago.2002.PROPER.1080p.BluRay.x264-LCHD.ENG,2003,-0.23484848484848486,-0.4090909090909091,-0.3787878787878788
2003_Elf.2003.BDRE.720p.x264.AC3-SiLUHD.ENG,2003,0.115,0.105,-0.10666666666666667
2003_Finding.Nemo.720p.HDTV.DTS.x264-CtrlHD,2003,0.2866666666666667,0.22666666666666666,0.245
2003_Pirates.of.the.Caribbean.The.Curse.of.the.Black.Pearl.Remastered.2003.720p.BluRay.DTSx264-ESiR.eng,2003,-0.14285714285714285,-0.1738095238095238,-0.33095238095238094
2003_TLOTR.The.Return.of.the.King.2003.Extended.BluRay.1080p.DTSES6.1.x264-CHD.eng,2003,0.02903225806451613,-0.10967741935483871,-0.10645161290322581
2003_Terminator.3.2003.720p.HDDVD.x264-ESiR.ENG,2003,-0.14,-0.29600000000000004,-0.324
2003_The.Matrix.Reloaded.2003.720p.HDDVD.DTS.x264-ESiR.ENG,2003,0.036585365853658534,-0.13170731707317074,0.09999999999999999
2003_X2 X-Men United 2003 Dvdrip Xvid Ac3.5.1Ch Cd1-Waf,2003,-0.07222222222222223,-0.15555555555555556,-0.22777777777777775
2004_H.P.3-Prisoner.Of.Azkaban[2004]DvDrip-aXXo,2004,0.04680851063829788,-0.036170212765957444,0.046808510638297864
2004_National.Treasure.2004.BluRay.1080p.DTS.x264.dxva-EuReKA.ENG,2004,0.12083333333333333,0.010416666666666666,-0.049999999999999996
2004_Shark Tale.en,2004,-0.1048780487804878,-0.10243902439024391,-0.175609756097561
2004_Shrek.2.2004.720p.BluRay.x264-MELiTE.eng,2004,-0.07142857142857142,-0.07857142857142857,-0.14523809523809522
2004_Spider-Man.2.1.2004.720p.BluRay.DTS.x264-ESiR.ENG,2004,0.075,-0.08249999999999999,-0.08
2004_The.Bourne.Supremacy.2004.720p.BluRay.DTS.x264-ESiR,2004,-0.3392857142857143,-0.375,-0.44642857142857145
2004_The.Day.After.Tomorrow.2004.1080p.BluRay.x264-MUVI.eng,2004,0.375,0.17727272727272728,-0.031818181818181815
2004_The.Incredibles.2004.720p.BluRay.X264-AMIABLE.eng,2004,-0.05111111111111111,-0.20444444444444443,-0.060000000000000005
2004_The.Passion.Of.The.Christ.2004.DVDRip.AC3.XviD-OS.iLUMiNADOS.ENG,2004,0.1111111111111111,-0.2,-0.47777777777777775
2004_The.Polar.Express.2004.BluRay.1080p.DTS.x264.dxva-EuReKA.ENG,2004,0.26785714285714285,0.3821428571428571,0.03214285714285714
2005_Batman.Begins.2005.1080p.HDDVD.x264-hV.ENG,2005,-0.1702127659574468,-0.24468085106382978,0.05957446808510638
2005_Charlie.and.the.Chocolate.Factory.2005.BluRay.1080p.DTS.x264.dxva-wsp.ENG,2005,-0.007692307692307694,-0.22564102564102567,-0.01282051282051282
2005_Harry.Potter.and.the.Goblet.of.Fire.2005.720p.HDDVD.DTS.x264-ESiR.ENG,2005,-0.06862745098039216,-0.15098039215686274,-0.26862745098039215
2005_Hitch.2005.WS.DVDRiP.XViD-CCTV.en,2005,0.013999999999999999,-0.0040000000000000036,-0.026000000000000006
2005_Madagascar[2005]DvDrip-aXXo.en,2005,0.05500000000000001,-0.015000000000000003,-0.11499999999999999
2005_Mr.And.Mrs.Smith.2005.1080p.BluRay.x264-TiMELORDS.ENG,2005,-0.14516129032258066,-0.04838709677419355,-0.2903225806451613
2005_Star.Wars.Episode.III.Revenge.of.the.Sith.(2005).DVDRip.XviD-UnSeeN,2005,-0.2918918918918919,-0.4081081081081081,-0.4243243243243243
2005_The.Chronicles.Of.Narnia.2005.BluRay.1080p.DTS.x264.dxva-EuReKA.ENG,2005,0.20810810810810812,0.048648648648648644,-0.04594594594594595
2005_War.of.the.Worlds.2005.mHD.Bluray.DD5.1.x264-EPiK.eng,2005,-0.10263157894736842,-0.10526315789473684,-0.4052631578947368
2005_Wedding.Crashers.2005.UNRATED.1080p.BluRay.x264-CiNEFiLE.ENG,2005,-0.2208955223880597,-0.2970149253731343,-0.28507462686567164
2006_Cars.2006.BRRip.XviD.AC3.D-Z0N3,2006,0.013725490196078431,0.01764705882352941,0.01568627450980392
2006_Casino.Royale.2006.DVD9.720p.BluRay.DTS.x264-REVEiLLE.ENG,2006,-0.24285714285714285,-0.35714285714285715,-0.2857142857142857
2006_Happy.Feet.2006.1080p.BD9.x264-IGUANA.ENG,2006,0.3130434782608696,0.23043478260869565,0.26304347826086955
2006_Ice.Age.2.The.Meltdown.1080p.BluRay.DTS.x264-ESiR.ENG,2006,0.1875,0.16666666666666666,0.03333333333333333
2006_Over.The.Hedge[2006]DvDrip.AC3[Eng]-aXXo,2006,-0.075,-0.08750000000000001,-0.08750000000000001
2006_Pirates.of.the.Caribbean.Dead.Mans.Chest.2006.DIRFIX.DVD9.720p.BluRay.x264-REVEiLLE.eng,2006,-0.20652173913043478,-0.2782608695652174,-0.3673913043478261
2006_Superman.Returns.2006.1080p.BluRay.x264-HANGOVER.ENG,2006,-0.015151515151515152,-0.15454545454545454,-0.05757575757575757
2006_Talladega.Nights.1080p.BluRay.WMV-HD.BD9-KOADIC.ENG,2006,-0.19692307692307692,-0.20923076923076922,-0.27999999999999997
2006_The.Da.Vinci.Code.2006.Extended.720p.BluRay.x264-BestHD.eng,2006,0.01875,-0.121875,-0.13125
2006_X-Men.The.Last.Stand.PROPER.DVDRip.XviD-DoNEINGLES,2006,-0.057692307692307696,-0.15384615384615385,0.003846153846153841
2007_300.eng,2007,-0.296875,-0.4625,-0.428125
2007_Harry.Potter.and.the.Order.of.the.Phoenix.2007.720p.BluRay.DTS.x264-ESiR.ENG,2007,0.05454545454545454,-0.09090909090909091,-0.075
2007_I.Am.Legend[2007]DvDrip[Eng]-aXXo.en,2007,-0.01363636363636364,-0.08181818181818182,-0.06818181818181818
2007_POTC 3 - At Worlds End (2007) 720p BluRay AC3 x264 - AdiT.english,2007,-0.1346153846153846,-0.3019230769230769,-0.37115384615384617
2007_Ratatouille.2007.720p.BluRay.DTS.x264-ESiR.ENG,2007,0.1622222222222222,0.23777777777777775,0.2066666666666667
2007_Shrek.the.Third.(2007).DVDRip.AC3.XviD-UnSeeN,2007,0.07297297297297298,0.07297297297297296,0.02162162162162162
2007_Spider.Man.3.2007.1080p.BluRay.x264.YIFY,2007,-0.07894736842105263,-0.1131578947368421,-0.2157894736842105
2007_The.Simpsons.Movie[2007]DvDrip.AC3[Eng]-aXXo,2007,-0.15,-0.228125,-0.240625
2007_Tranformers.2007.1080p.BluRay.DTS.x264-ESiR.ENG,2007,0.024193548387096774,-0.06935483870967742,0.02258064516129032
2007_[HDTeam]El Ultimatum De Bourne[1080p-Bluray][Dual+Subs][By Devilmort].ENG,2007,-0.27419354838709675,-0.33225806451612905,-0.2806451612903226
2008_Hancock.720p.BluRay.x264-REFiNED.ENG,2008,-0.015789473684210527,-0.11842105263157894,0.1368421052631579
2008_Horton Hears a Who![2008]DvDrip AC3[Eng]-FXG,2008,0.4024390243902439,0.35365853658536583,0.026829268292682923
2008_Indiana.Jones.And.The.Kingdom.Of.The.Crystal.Skull[2008]DvDrip-aXXo.en,2008,-0.014285714285714285,-0.19428571428571428,-0.13428571428571429
2008_Iron.Man[2008]DvDrip-aXXo.en,2008,-0.056818181818181816,-0.18863636363636366,0.30454545454545456
2008_Kung.Fu.Panda[2008]DvDrip-aXXo.en,2008,0.3333333333333333,0.3121212121212121,0.396969696969697
2008_Madagascar-Escape.2.Africa[2008]DvDrip-aXXo.en,2008,0.10465116279069768,0.04186046511627906,-0.07441860465116279
2008_Quantum.Of.Solace[2008]DvDrip-aXXo.en,2008,-0.25,-0.396875,-0.29375
2008_TheDarkKnight_2008_DVD-NikonXp.EN,2008,-0.363768115942029,-0.3579710144927536,-0.26521739130434785
2008_Wall-E[2008]DvDrip-aXXo.en,2008,0.49259259259259264,0.14074074074074072,0.41851851851851857
2008_devise-twilight.en,2008,-0.02830188679245283,-0.033962264150943396,-0.1641509433962264
2009_Avatar.(2009).BDRip.AC3.XviD-D-Z0N3,2009,0.06956521739130435,-0.15,0.056521739130434775
2009_Harry.Potter.and.the.Half.Blood.Prince.2009.720p.BluRay.DTS.x264-WiKi.eng,2009,-0.05306122448979592,-0.08979591836734695,-0.17551020408163265
2009_Ice.Age.3 .R5.LINE.XviD-COALiTiON (Edited),2009,0.08333333333333333,0.06666666666666667,-0.016666666666666663
2009_Monsters Vs Aliens[2009]DvDrip-aXXo,2009,-0.015625,-0.103125,0.14375
2009_Star.Trek.2009.BluRay.1080p.DTS.x264.dxva-EuReKA.ENG,2009,0.2088888888888889,0.06444444444444444,0.4488888888888889
2009_The.Blind.Side.2009.720p.BluRay.x264.YIFY.eng,2009,0.21785714285714283,0.3803571428571429,0.35714285714285715
2009_The.Hangover.DVDRip.XviD-DoNE,2009,-0.27884615384615385,-0.3173076923076923,-0.4519230769230769
2009_The.Twilight.Saga.New.Moon.2009.Bluray.1080p.DTSMA.x264.dxva-FraMeSToR.ENG,2009,-0.13125,-0.15,-0.27499999999999997
2009_Transformers.Revenge.of.the.Fallen.IMAX.Edition.2009.1080p.BluRay.DTS.x264-DON.ENG,2009,-0.0532258064516129,-0.2241935483870968,-0.03064516129032258
2009_Up.2009.480p.BRRip.XviD.AC3-ViSiON,2009,0.1935483870967742,0.16774193548387098,0.06774193548387096
2010_Alice.In.Wonderland.2010.Bluray.1080p.DTSHD-MA.x264.dxva-FraMeSToR.ENG,2010,0.021875,-0.146875,-0.065625
2010_Avatar.(2009).BDRip.AC3.XviD-D-Z0N3,2010,0.06304347826086956,-0.16521739130434782,0.04130434782608696
2010_How.to.Train.Your.Dragon.(2010).BDRip.AC3.XviD-CaLLiOpeD,2010,0.0,-0.06206896551724138,0.10344827586206896
2010_Iron.Man.2.(2010).BDRip.AC3.XviD-CaLLiOpeD,2010,-0.1411764705882353,-0.3137254901960784,0.18627450980392157
2010_The.Twilight.Saga.Eclipse.720p.Bluray.x264-CBGB.eng,2010,-0.1127659574468085,-0.2,-0.2680851063829787
2010_despicable.me.dvdrip.xvid-imbt.en,2010,-0.06451612903225806,-0.14193548387096774,-0.17419354838709677
2010_dmd-ts3,2010,0.13095238095238096,0.07142857142857142,-0.052380952380952375
2010_nedivx-shrek4.en,2010,-0.05714285714285714,-0.037142857142857144,-0.13428571428571429
2010_timpe-inception,2010,-0.062264150943396226,-0.15660377358490568,0.007547169811320755
2011_Captain.America.The.First.Avenger.2011.BluRay.720p.DTS.x264-CHD.eng,2011,0.026829268292682923,0.021951219512195124,0.22682926829268293
2011_Cars.2.720p.BluRay.x264.REPACK-METiS.eng,2011,0.023076923076923075,0.061538461538461535,-0.024999999999999998
2011_Fast.Five.2011.720p.BluRay.x264.DTS-WiKi.eng,2011,-0.14285714285714285,-0.21904761904761902,-0.15
2011_POTC 4 - On Stranger Tides (2011) 720p BluRay AC3 x264 - AdiT.english,2011,-0.21666666666666665,-0.3404761904761905,-0.41904761904761906
2011_Rise.of.the.Planet.of.the.Apes.2011.BluRay.1080p.DTS.x264-CHD,2011,-0.05925925925925926,-0.2555555555555556,0.24074074074074073
2011_The. Hangover. Part. II. 2011. 720p. BrRip. x264. YIFY,2011,-0.35,-0.364,-0.45799999999999996
2011_The.Twilight.Saga.Breaking.Dawn.Part.1.2011.720p.BluRay.x264-SPARKS English,2011,-0.1,-0.08409090909090909,-0.22272727272727275
2011_Thor,2011,0.05675675675675676,-0.15675675675675677,-0.1
2011_Transformers.Dark.Of.The.Moon.2011.BluRay.720p.DTS.x264-CHD.eng,2011,-0.14492753623188406,-0.3507246376811594,-0.05652173913043478
2012_Brave.2012.720p.BluRay.x264.AC3-HDChina,2012,0.10666666666666667,0.3333333333333333,0.13666666666666666
2012_MSAR. EN2,2012,0.155,0.1625,0.175
2012_Skyfall.2012.720p.BluRay.x264-DAA.eng,2012,-0.15789473684210525,-0.2263157894736842,-0.25263157894736843
2012_TED 2012 TS XViD - INSPiRAL,2012,-0.26136363636363635,-0.32954545454545453,-0.32954545454545453
2012_The.Avengers.2012.DVDRip.X264.AC3-NYDIC,2012,-0.04745762711864406,-0.19830508474576272,0.027118644067796602
2012_The.Dark.Knight.Rises.2012.720p.BluRay.x264-SPARKS,2012,-0.20500000000000002,-0.30333333333333334,-0.27666666666666667
2012_The.Hobbit.An.Unexpected.Journey.2012.720p.BluRay.x264-SPARKS.eng,2012,-0.0456140350877193,-0.16842105263157894,-0.1543859649122807
2012_The.Hunger.Games.2012.720p.BluRay.x264.DTS-HDChina.eng,2012,-0.13513513513513514,-0.2189189189189189,-0.30540540540540545
2012_The.Twilight.Saga.Breaking.Dawn.Part.2.2012.NEW.TS.XviD.AC3-ADTRG,2012,0.10666666666666667,-0.013333333333333336,0.05666666666666667
2012_amazingspiderman,2012,0.01346153846153846,-0.05384615384615385,0.10769230769230768
2013_Despicable.Me.2.2013.720p.BluRay.x264-VeDeTT,2013,-0.05405405405405406,-0.05405405405405406,-0.06216216216216216
2013_Fast.And.Furious.6.2013.1080p.WEB-DL.H264-BLUEBIRD,2013,-0.1183673469387755,-0.18571428571428572,-0.13673469387755102
2013_Frozen.2013.720p.BluRay.x264-SPARKS,2013,0.25636363636363635,0.19272727272727272,0.2018181818181818
2013_Gravity.2013.BluRay.720p.x264.DTS-HDWinG,2013,0.09000000000000001,0.05333333333333334,0.16333333333333336
2013_Iron.Man.3.2013.720p.BluRay.x264-SPARKS,2013,-0.10327868852459016,-0.23278688524590163,0.14426229508196722
2013_Man.Of.Steel.2013.720p.BluRay.x264-Felony,2013,0.08636363636363636,-0.12272727272727274,0.125
2013_Monsters University,2013,0.11,0.13,0.32
2013_Oz.the.Great.and.Powerful.2013.720p.BluRay.x264-SPARKS,2013,0.056140350877192984,-0.061403508771929835,0.0631578947368421
2013_Star.Trek.Into.Darkness.2013.BluRay.720p.x264-HDWinG,2013,-0.05593220338983051,-0.11694915254237288,0.1
2013_The.Hunger.Games.Catching.Fire.2013.IMAX.EDITION.720p.BluRay.x264-PublicHD,2013,-0.17307692307692307,-0.25,-0.3538461538461538
2014_Big.Hero.6.2014.720p.BluRay.x264-SPARKS,2014,0.16363636363636364,0.09999999999999999,0.4431818181818182
2014_Captain.America.The.Winter.Soldier.2014.720p.BluRay.x264-SPARKS,2014,-0.042,-0.14200000000000002,0.019999999999999997
2014_Dawn.of.the.Planet.of.the.Apes.2014.1080p.BluRay.x264-SPARKS,2014,-0.12758620689655173,-0.19655172413793104,-0.1482758620689655
2014_Guardians.of.the.Galaxy.2014.DVDRip.X264.AC3.5.1-PLAYNOW,2014,-0.12272727272727274,-0.2863636363636364,-0.16363636363636364
2014_Maleficent.2014.720p.BluRay.x264-SPARKS,2014,0.0625,-0.09583333333333333,-0.2041666666666667
2014_The.Amazing.Spider-Man.2.2014.720p.BluRay.x264-BLOW,2014,-0.03103448275862069,-0.06379310344827586,0.015517241379310343
2014_The.Hunger.Games.Mockingjay.Part.1.2014.720p.BluRay.x264-SPARKS,2014,0.25,0.21842105263157893,0.2157894736842105
2014_The.Lego.Movie.2014.BluRay.720p.x264.DTS-HDWinG,2014,0.12424242424242424,0.18636363636363637,0.09545454545454546
2014_Transformers.Age.of.Extinction.2014.720p.BluRay.x264-BLOW,2014,-0.22027027027027027,-0.30945945945945946,-0.06351351351351352
2014_X-Men.Days.of.Future.Past.2014.720p.BluRay.X264-AMIABLE,2014,0.07446808510638298,-0.07234042553191489,0.17872340425531916
2015_American.Sniper.2014.720p.BluRay.x264-SPARKS,2015,-0.38392857142857145,-0.3464285714285714,-0.37678571428571433
2015_Avengers.Age.of.Ultron.2015.720p.BluRay.x264-SPARKS,2015,0.05555555555555555,-0.1253968253968254,0.17936507936507937
2015_Cinderella. 2015. 720p. BluRay. x264-SPARKS,2015,0.16,-0.07600000000000001,-0.054000000000000006
2015_Furious.Seven.2015.EXTENDED.720p.BluRay.x264-SPARKS,2015,0.004081632653061226,-0.05918367346938775,-0.0673469387755102
2015_Inside.Out.2015.1080p.WEB-DL.AAC2.0.H264-RARBG,2015,0.05434782608695652,0.06739130434782609,0.006521739130434779
2015_Jurassic World,2015,-0.1619047619047619,-0.33095238095238094,0.07142857142857142
2015_Minions.2015.720p.BluRay.x264-GECKOS,2015,-0.08333333333333333,-0.16666666666666666,-0.09444444444444446
2015_Star.Wars.Episode.VII.The.Force.Awakens.2015.720p.BluRay.x264-Replica,2015,0.10212765957446808,0.0702127659574468,0.13404255319148936
2015_The.Hunger.Games.Mockingjay.Part.2.2015.720p.BluRay.x264-SPARKS,2015,-0.08372093023255814,-0.14651162790697675,-0.06046511627906978
2015_The.Martian.2015.720p.BluRay.x264-SPARKS,2015,0.3854166666666667,0.23124999999999998,0.7145833333333332
2016_Batman.v.Superman.Dawn.of.Justice.2016.EXTENDED.720p.BluRay.x264-SPARKS,2016,-0.275,-0.3153846153846154,-0.275
2016_Captain.America.Civil.War.2016.720p.BluRay.X264-AMIABLE,2016,-0.026984126984126985,-0.03968253968253968,-0.025396825396825397
2016_Deadpool,2016,-0.22264150943396227,-0.2622641509433962,-0.3018867924528302
2016_Finding.Dory.2016.720p.BluRay.X264-AMIABLE,2016,0.39622641509433965,0.30566037735849055,0.4018867924528302
2016_Rogue.One.2016.720p.BluRay.x264-SPARKS,2016,0.11730769230769231,-0.07500000000000001,0.21153846153846154
2016_Suicide.Squad.2016.EXTENDED.720p.BluRay.x264-SPARKS,2016,-0.4411764705882353,-0.43137254901960786,-0.39215686274509803
2016_The. Jungle. Book. 2016. 720p. BluRay. x264-AN0NYM0US,2016,0.16097560975609757,0.03414634146341463,-0.0878048780487805
2016_The.Secret.Life.of.Pets.2016.720p.BluRay.x264-SPARKS,2016,-0.10227272727272728,-0.08181818181818182,-0.16818181818181818
2016_Zootopia.2016.720p.BluRay.x264-SPARKS,2016,0.13157894736842105,0.1526315789473684,0.2631578947368421
2017_Despicable. Me. 3. 2017. 720p. BluRay. X264-AMIABLE,2017,-0.05128205128205128,-0.05128205128205128,-0.12307692307692307
2017_Guardians.of.the.Galaxy.Vol.2.2017.720p.BluRay.x264-SPARKS,2017,0.0036363636363636355,-0.2109090909090909,-0.047272727272727265
2017_It,2017,-0.25,-0.19347826086956524,-0.3347826086956522
2017_Logan,2017,-0.2557692307692308,-0.3,-0.4153846153846154
2017_Spider-Man.Homecoming.2017.720p.BluRay.x264-SPARKS,2017,-0.060000000000000005,-0.018333333333333333,0.04666666666666666
2017_Star.Wars.The.Last.Jedi.2017.720p.BluRay.x264-SPARKS,2017,0.08867924528301888,-0.08113207547169811,0.09245283018867925
2017_The.Fate.of.the.Furious.2017.720p.BluRay.x264-SPARKS,2017,-0.19215686274509805,-0.26666666666666666,-0.20588235294117646
2017_Thor.Ragnarok.2017.720p.WEB-DL.H264.AC3-EVO,2017,0.03962264150943395,-0.1018867924528302,-0.005660377358490569
2017_Wonder.Woman.2017.720p.BluRay.x264-SPARKS,2017,0.22264150943396227,0.07358490566037736,0.10754716981132076
2018_Ant Man and the Wasp 2018 New HDCAM-X264-Sexxy,2018,-0.020833333333333332,-0.07708333333333334,0.08333333333333333
2018_Avengers Infinity War 2018 NEW PROPER HD-CAM 720p Hindi + English X264 CPG - KatmovieHD.Ney,2018,-0.07777777777777778,-0.2733333333333334,-0.21333333333333332
2018_Black.Panther.2018.720p.BluRay.x264-SPARKS,2018,0.02830188679245283,-0.07924528301886793,0.06415094339622641
2018_Deadpool 2,2018,-0.1338709677419355,-0.08064516129032258,-0.18064516129032257
2018_Jumanji.Welcome.to.the.Jungle.2017.1080p.WEB-DL.DD5.1.H264-FGT,2018,0.08524590163934427,0.17868852459016393,0.12295081967213115
2018_Jurassic World Fallen Kingdom (2018) 720p English HDCAM-Rip - x264 - MP3 750MB,2018,0.0,-0.20857142857142857,0.011428571428571427
2018_Mission.Impossible.Fallout.2018.KORSUB.HDRip.x264-STUTTERSHIT,2018,-0.12142857142857141,-0.23333333333333334,-0.19047619047619047
2018_Solo.A.Star.Wars.Story.2018.720p.BluRay.x264.DTS-HDC,2018,-0.06818181818181818,-0.1303030303030303,0.03787878787878788
2018_The.Grinch.2018.1080p.WEB-DL.X264.DD5.1-SeeHD,2018,0.07608695652173914,0.0891304347826087,-0.004347826086956524
2018_The.Incredibles.2.2018.HDTC.Versions,2018,0.07407407407407407,0.04259259259259259,0.31296296296296294
2019_Aladdin.2019.720p.WEB-DL.x264.AAC-BonsaiHD,2019,0.004225352112676057,-0.05774647887323944,-0.054929577464788736
2019_Avengers Endgame 2019 NEW 720p HDCAM x264-iMaX,2019,0.2440677966101695,0.1288135593220339,0.276271186440678
2019_Captain Marvel (2019).[720p HQ DVDScr - HQ Line Audios - [Hindi + Eng] - x264 - 950MB],2019,0.24324324324324326,0.08918918918918918,0.3405405405405405
2019_Frozen.II.2019.DVDScr.XVID.AC3.HQ.Hive-CM8,2019,0.42641509433962266,0.3018867924528302,0.29245283018867924
2019_It.Chapter.Two.2019.HDRip.XviD.AC3-EVO,2019,-0.1271604938271605,-0.12839506172839507,-0.18641975308641975
2019_Joker.2019.720p.HC.HDRip.XviD.AC3-EVO,2019,-0.55,-0.575,-0.5875
2019_Spider-Man.Far.From.Home.2019.V3.1080p.NEW.HDTC.H264.AC3.ADDS.CUT.BLURRED.Will1869,2019,-0.0375,-0.0642857142857143,-0.04642857142857143
2019_Star.Wars.Episode.IX.The.Rise.of.Skywalker.2020.BDRip.XviD.AC3-EVO,2019,0.09615384615384616,0.044230769230769226,0.09423076923076922
2019_The.Lion.King.2019.BDRip.XviD.AC3-EVO,2019,0.14038461538461539,0.044230769230769226,-0.025000000000000005
2019_Toy.Story.4.2019.720p.HDCAM-1XBET,2019,0.3131147540983607,0.27377049180327867,0.2918032786885246
2020_1917,2020,-0.028571428571428574,-0.07857142857142858,-0.4785714285714286
2020_Bad.Boys.for.Life.2020.1080p.HDRip.X264.AC3-EVO,2020,-0.1385964912280702,-0.14912280701754385,-0.20526315789473684
2020_Birds.of.Prey.And.the.Fantabulous.Emancipation.of.One.Harley.Quinn.2020.HC.720p.HDRip.800M,2020,-0.28703703703703703,-0.2555555555555556,-0.18333333333333335
2020_Dolittle.2020.HDRip.800MB.x264-GalaxyRG,2020,0.3,0.17547169811320756,0.1811320754716981
2020_Jumanji.The.Next.Level.2019.HC.720p.HDRip.800MB.x264-GalaxyRG,2020,0.0603448275862069,0.020689655172413793,-0.04827586206896552
2020_Sonic.The.Hedgehog.2020.720p.WEBRip.x264.AAC-.YTS.MX,2020,0.014583333333333332,-0.04791666666666666,0.049999999999999996
2020_The Call of the Wild.2020.HDRip.XviD.AC3-EVO,2020,0.12962962962962962,0.007407407407407406,-0.14814814814814814
2020_The.Invisible.Man.2020.HDRip.XviD.AC3-EVO,2020,-0.171875,-0.171875,-0.203125
2021_A.Quiet.Place.Part.II.2020.PROPER.1080p.WEB-DL.DDP5.1.Atmos.H264-CMRG,2021,0.125,0.024999999999999994,0.05833333333333333
2021_Black.Widow.2021.1080p.WEB.H264-TIMECUT,2021,-0.1431818181818182,-0.2818181818181818,-0.2318181818181818
2021_Eternals.2021.1080p.WEB-DL.DDP5.1.H.264-EVO.v2,2021,0.39807692307692305,0.057692307692307696,0.20384615384615384
2021_F9. The. Fast. Saga. 2021. THEATRICAL. 1080p. BluRay. x264-RUSTED,2021,-0.06153846153846154,-0.10576923076923077,0.04038461538461538
2021_Free.Guy.2021.BDRip.XviD.AC3-EVO.v2,2021,0.1375,0.11718749999999999,0.28125
2021_Ghostbusters.Afterlife.2021.1080p.AMZN.WEB-DL.DDP5.1.H.264-EVO,2021,-0.011111111111111112,-0.015555555555555555,-0.04
2021_No.Time.to.Die.1080p.AMZN.WEB-DL.DDP5.1.H.264-CMRG,2021,-0.19827586206896552,-0.3172413793103448,-0.22241379310344828
2021_Shang-Chi. And. The. Legend. Of. The. Ten. Rings. 2021. 1080p. BluRay. x264-VETO,2021,0.1159090909090909,0.09545454545454546,0.01818181818181818
2021_Spider-Man_No_Way_Home.2022.1080p.Bluray.DTS-HD.MA.5.1.X264-EVO,2021,0.14520547945205478,0.13972602739726026,0.07534246575342465
2021_Venom.Let.There.Be.Carnage.2021.HDRip.XviD.AC3-EVO,2021,-0.25681818181818183,-0.28863636363636364,-0.35000000000000003
2022_Avatar The Way of Water (2022) 1080p BluRay AVC REMUX DTS-HD_ENG,2022,-0.014634146341463417,-0.14878048780487807,-0.1951219512195122
2022_Black.Panther.Wakanda.Forever.2022.1080p.BluRay.x264.DTS-HD.MA.7.1-MT,2022,0.08709677419354839,-0.03870967741935484,0.05161290322580645
2022_Doctor.Strange.in.the.Multiverse.of.Madness.2022.1080p.WEB-DL.DDP5.1.Atmos.H.264,2022,0.11190476190476191,-0.0880952380952381,0.04999999999999999
2022_Jurassic World_ Dominion,2022,0.17586206896551723,-0.008620689655172414,0.16379310344827586
2022_Minions.The.Rise.Of.Gru.2022.1080p.AMZN.WEB-DL.DDP5.1.H.264-CMRG,2022,-0.1657142857142857,-0.24857142857142855,-0.18857142857142856
2022_Sonic. the. Hedgehog. 2. 2022. 1080p. WEBRip. DDP5. 1. Atmos. x264-NOGRP,2022,0.09038461538461538,0.03461538461538461,0.08461538461538462
2022_The.Batman.2022.HDRip.850MB.c1nem4.x264-SUNSCREEN,2022,-0.2650793650793651,-0.3888888888888889,-0.3841269841269841
2022_Thor.Love.and.Thunder.2022.1080p.WEB-DL.DDP5.1.Atmos.H.264-EVO,2022,0.2037037037037037,0.13148148148148148,0.07222222222222223
2022_Top.Gun.Maverick.2022.KORSUB.IMAX.1080p.WEBRip.AAC2.0.x264-SHITBOX,2022,-0.04,-0.146,-0.07400000000000001
2023_Ant.Man.And.The.Wasp.Quantumania.2023.1080p.WEB-DL.DDP5.1.Atmos.H.264-CMRG,2023,0.07884615384615384,0.024999999999999998,0.10769230769230768
2023_Guardians.of.the.Galaxy.Vol.3.2023.1080p.WEB-DL.DDP5.1.Atmos.H.264-CMRG (v2),2023,0.05925925925925926,-0.07592592592592592,0.009259259259259255
2023_Oppenheimer,2023,-0.11693548387096774,-0.21935483870967742,0.09435483870967741
2023_Spider Man Across the Spider Verse 2023 1080p V3 NEW No Chew Edition HDTS Video X264 Will1869,2023,0.19294117647058823,0.07647058823529412,0.14823529411764705
2023_The.Little.Mermaid.2023.1080p.WEB-DL.DDP5.1.Atmos.H.264 (v3),2023,0.06774193548387097,-0.05161290322580645,-0.07096774193548387
2023_The.Super.Mario.Bros.Movie.2023.1080p.MA.WEBRip.DDP5.1.Atmos.x264-CMaRioG,2023,0.058823529411764705,0.07058823529411766,0.049999999999999996
