movie_id,year,universalism,egalitarianism,progress,chunks
1979_Rocky II,1979,0.2727272727272727,0.12727272727272726,0.43636363636363645,11
1987_Three Men and a Baby_(1987)_CtB,1987,0.125,0.125,0.125,8
2018_Solo.A.Star.Wars.Story.2018.720p.BluRay.x264.DTS-HDC,2018,-0.0090909090909091,-0.17272727272727273,0.25454545454545463,11
2003_Chicago.2002.PROPER.1080p.BluRay.x264-LCHD.ENG,2003,-1.5139404881252134e-17,-0.1818181818181818,0.13636363636363638,11
1991_The.Silence.Of.The.Lambs.1991.BluRay.1080p.DTS.x264.dxva-EuReKA.ENG,1991,-0.6666666666666666,-0.7999999999999999,-0.2833333333333333,6
2020_Dolittle.2020.HDRip.800MB.x264-GalaxyRG,2020,0.3888888888888889,0.30000000000000004,0.6222222222222222,9
1991_The.Addams.Family.1991.720p.BluRay.X264-AMIABLE,1991,-0.26666666666666666,-0.45,-0.16666666666666666,6
2018_Mission.Impossible.Fallout.2018.KORSUB.HDRip.x264-STUTTERSHIT,2018,0.07142857142857142,-0.14285714285714282,0.19999999999999996,7
1990_Teenage.Mutant.Ninja.Turtles.1990.1080p.BluRay.x264-HDCLASSICS.ENG,1990,0.3,0.13333333333333333,0.3333333333333333,6
1985_Rambo Acorralado II (1985)1080p-Dual-momos-[.HDG].ENG,1985,0.5,0.5666666666666667,0.6,3
1983_Risky.Business.1983.PROPER.1080p.BluRay.x264-TFiN.ENG,1983,-0.14285714285714285,-0.24285714285714288,0.32857142857142857,7
1999_Runaway Bride (1999) [BluRay] [1080p] [YTS.AM].eng,1999,0.34545454545454546,0.2545454545454546,0.36363636363636365,11
1992_Under.Siege.1992.1080p.Bluray.x264-Q.ENG,1992,-0.31428571428571433,-0.4428571428571428,-0.11428571428571431,7
1980_Kramer.vs.Kramer.BluRay.1080p.DTS.x264.dxva-EuReKA.ENG,1980,0.15,0.012500000000000011,0.2375,8
2016_Rogue.One.2016.720p.BluRay.x264-SPARKS,2016,0.4444444444444444,0.3111111111111111,0.6,9
1995_Batman. Forever. 1995. 1080p. BluRay. x264-CULTHD. ENG,1995,-0.2,-0.4714285714285715,0.0857142857142857,7
2014_Captain.America.The.Winter.Soldier.2014.720p.BluRay.x264-SPARKS,2014,0.1888888888888889,-0.01111111111111112,0.41111111111111115,9
1991_Terminator.2.Judgement.Day.Directors.Cut.1991.1080p.HDDVD.DTS.x264-hV.ENG,1991,0.5,0.31666666666666665,0.6833333333333335,6
1987_Beverly.Hills.Cop.II.1987.720p.BluRay.x264.DTS-WiKi.eng,1987,0.04999999999999999,0.0,0.1375,8
1980_Ordinary.People.1980.720p.WEB-DL.AAC2.0.H.264-BS.eng,1980,0.325,0.18750000000000003,0.2375,8
1998_Theres.Something.About.Mary.1998.Extended.1080p.BluRay.x264.Codres.ENG,1998,-0.16,-0.29,-0.06,10
2019_Toy.Story.4.2019.720p.HDCAM-1XBET,2019,0.5454545454545454,0.39999999999999997,0.5727272727272728,11
1985_Police.Academy.2.Their.First.Assignment.1985.720p.BluRay.FLAC.x264-CtrlHD,1985,-0.049999999999999996,-0.1333333333333333,0.16666666666666666,6
2022_Minions.The.Rise.Of.Gru.2022.1080p.AMZN.WEB-DL.DDP5.1.H.264-CMRG,2022,0.26666666666666666,0.049999999999999996,0.4166666666666667,6
2015_The.Hunger.Games.Mockingjay.Part.2.2015.720p.BluRay.x264-SPARKS,2015,0.575,0.5,0.6875000000000001,8
1994_Speed.1994.BluRay.1080p.DTS.x264.dxva-EuReKA.ENG,1994,-0.15714285714285717,-0.19999999999999998,0.34285714285714286,7
2004_The.Day.After.Tomorrow.2004.1080p.BluRay.x264-MUVI.eng,2004,0.5,0.42500000000000004,0.6375,8
1999_Star Wars Episode I The Phantom Menace eng,1999,0.4,0.2875,0.5750000000000001,8
1984_Terms.of.Endearment.1983.720p.BluRay.X264-AMIABLE,1984,0.27999999999999997,-0.009999999999999998,0.22999999999999998,10
2021_Venom.Let.There.Be.Carnage.2021.HDRip.XviD.AC3-EVO,2021,0.024999999999999994,-0.14999999999999997,-0.05000000000000001,8
1992_waynes.world.1992.DVDRip.XviD.FBM.ENG,1992,0.2285714285714286,0.0857142857142857,0.38571428571428573,7
2000_Gladiator.EXTENDED.EDITION.2000.BluRay.1080p.DTS.x264.dxva-EuReKA.ENG,2000,0.125,-0.22499999999999995,0.175,8
2000_X-Men ;[2000];[1080p];[Shadowl0rd].ENG,2000,0.125,0.175,0.32499999999999996,4
2022_Doctor.Strange.in.the.Multiverse.of.Madness.2022.1080p.WEB-DL.DDP5.1.Atmos.H.264,2022,0.35714285714285715,0.2571428571428572,0.5,7
1986_Back to School (1986).ENG,1986,-0.12222222222222223,-0.4888888888888888,0.32222222222222224,9
1996_The.Birdcage.1996.720p.BluRay.X264-AMIABLE-HI,1996,0.22000000000000003,0.20999999999999996,0.19,10
1984_Beverly.Hills.Cop.1984.720p.BluRay.x264.DTS-WiKi.eng,1984,-0.26666666666666666,-0.3,0.15000000000000002,6
2001_Jurassic.Park.III[2001]DvDrip-aXXo,2001,0.27999999999999997,0.12,0.39999999999999997,5
1987_The.Untouchables.1987.720p.BluRay.DTS.x264-ESiR.ENG,1987,0.2833333333333333,0.3,0.5166666666666666,6
1981_Endless.Love,1981,0.11666666666666665,0.0,0.03333333333333333,6
2005_Mr.And.Mrs.Smith.2005.1080p.BluRay.x264-TiMELORDS.ENG,2005,-0.3,-0.4833333333333334,-0.16666666666666666,6
2014_The.Lego.Movie.2014.BluRay.720p.x264.DTS-HDWinG,2014,0.5272727272727272,0.5090909090909091,0.6454545454545455,11
1988_Cocktail_Eng,1988,-0.35714285714285715,-0.557142857142857,0.17142857142857146,7
1984_Star Trek 03 Search For Spock 1984 1280x544.eng,1984,0.35714285714285715,0.15714285714285717,0.5571428571428572,7
2015_Inside.Out.2015.1080p.WEB-DL.AAC2.0.H264-RARBG,2015,0.2625,0.10000000000000002,0.3625,8
2008_Wall-E[2008]DvDrip-aXXo.en,2008,0.6599999999999999,0.6,0.82,5
1977_The Turning Point 1977 720p BRRip x264-PLAYNOW,1977,0.2857142857142857,0.014285714285714287,0.31428571428571433,7
2001_Planet.of.the.Apes.2001.BluRay.720p.x264.DTS-MySiLU.eng,2001,0.1,-0.03999999999999999,0.16,5
1993_Few Good Men (1992).DVD.NonHI.pcc.en.CLMB,1993,0.17647058823529413,0.14117647058823532,0.15294117647058825,17
2023_Ant.Man.And.The.Wasp.Quantumania.2023.1080p.WEB-DL.DDP5.1.Atmos.H.264-CMRG,2023,0.3888888888888889,0.36666666666666664,0.5777777777777777,9
1995_Casper.1995.720p.BluRay.X264-AMIABLE,1995,0.11666666666666668,-0.06666666666666665,0.35000000000000003,6
2010_dmd-ts3,2010,0.35714285714285715,0.38571428571428573,0.32857142857142857,7
1998_Saving.Private.Ryan.720p.HDTV.Premiere.DTS.x264-ESiR,1998,0.37,0.31999999999999995,0.33999999999999997,10
2009_The.Blind.Side.2009.720p.BluRay.x264.YIFY.eng,2009,0.4,0.44000000000000006,0.57,10
1986_Star Trek 04 Voyage Home 1986 1280x544.eng,1986,0.5625,0.42499999999999993,0.725,8
1985_Rocky IV,1985,0.6,0.4333333333333333,0.6833333333333335,6
2015_Cinderella. 2015. 720p. BluRay. x264-SPARKS,2015,0.2,0.04444444444444443,0.2111111111111111,9
1982_Poltergeist.1982.1080p.BluRay.x264-iKA.ENG,1982,0.2333333333333333,0.13333333333333333,0.11666666666666665,6
2006_X-Men.The.Last.Stand.PROPER.DVDRip.XviD-DoNEINGLES,2006,0.3,0.04,0.18000000000000002,5
1986_The. Karate. Kid. Part. II. 1986. 1080p. BluRay. x264-LCHD. ENG,1986,0.2833333333333334,0.3,0.23333333333333336,6
1999_The.Sixth.Sense.1999.REMASTERED.720p.BluRay.x264-iLLUSiON,1999,0.44000000000000006,0.34,0.26,5
1983_Staying.Alive.1983.DVDRip.XviD.AR - ENG,1983,-0.075,-0.7000000000000001,0.22499999999999998,4
1987_The.Witches.Of.Eastwick.1987.1080p.Bluray.X264-BRMP.ENG,1987,-0.15714285714285717,-0.2857142857142857,-0.35714285714285715,7
1999_Toy.Story.2.1999.DVDRip.XviD-ShitBusters,1999,0.2857142857142857,0.19999999999999998,0.3,7
1978_Jaws.2.ENG.25FPS,1978,0.2333333333333333,0.13333333333333333,0.18333333333333335,6
2012_Brave.2012.720p.BluRay.x264.AC3-HDChina,2012,0.32,0.26,0.3,5
2018_Avengers Infinity War 2018 NEW PROPER HD-CAM 720p Hindi + English X264 CPG - KatmovieHD.Ney,2018,0.5375,0.325,0.47500000000000003,8
1989_Batman.1989.720p.BluRay.x264-SiNNERS.ENG,1989,-0.3833333333333333,-0.6,-0.1166666666666667,6
1990_Total.Recall.1990.BluRay.1080p.x264.DTS.dxva-xander.ENG,1990,-0.3333333333333333,-0.5666666666666668,0.0,6
2008_devise-twilight.en,2008,0.1111111111111111,0.011111111111111118,0.15555555555555556,9
1983_Flashdance.[Flashdance].1983.DVDRip.XviD.telumethar.eDonkers.cd1.ENG,1983,0.06666666666666667,0.09999999999999998,0.43333333333333335,3
1994_Interview.with.the.Vampire.2008.720p.BluRay.x264-ESiR.ENG,1994,-0.2857142857142857,-0.6571428571428573,-0.4142857142857142,7
2005_Batman.Begins.2005.1080p.HDDVD.x264-hV.ENG,2005,0.037500000000000006,-0.2625,0.24999999999999997,8
2011_Rise.of.the.Planet.of.the.Apes.2011.BluRay.1080p.DTS.x264-CHD,2011,0.3,0.41999999999999993,0.5799999999999998,5
1992_Aladdin.1992.1080p.BluRay.X264-AMIABLE,1992,0.4125,0.17500000000000002,0.625,8
2010_nedivx-shrek4.en,2010,0.19999999999999998,0.19999999999999998,0.06666666666666668,6
1985_Back.To.The.Future.1985.720p.BluRay.x264.DTS-WiKi.eng,1985,0.24444444444444446,0.17777777777777776,0.5333333333333333,9
2023_Guardians.of.the.Galaxy.Vol.3.2023.1080p.WEB-DL.DDP5.1.Atmos.H.264-CMRG (v2),2023,0.2111111111111111,0.2111111111111111,0.48888888888888893,9
1977_Star.Wars.Episode.IV.A.New.Hope.(1977).DVDRip.XviD-UnSeeN,1977,0.35,0.15000000000000002,0.4750000000000001,8
2013_Monsters University,2013,0.3222222222222222,0.36666666666666664,0.6444444444444444,9
1986_Out.Of.Africa.1985.REMASTERED.720p.BluRay.DTS.x264-PublicHD,1986,0.425,0.2625,0.3375,8
2013_Fast.And.Furious.6.2013.1080p.WEB-DL.H264-BLUEBIRD,2013,0.3444444444444444,0.2222222222222222,0.5333333333333334,9
1987_Platoon 1986 H264 Special Edition DVDRip,1987,-0.42857142857142855,-0.5714285714285714,-0.28571428571428564,7
2004_The.Bourne.Supremacy.2004.720p.BluRay.DTS.x264-ESiR,2004,-0.019999999999999997,-0.13999999999999999,0.06,5
2009_Ice.Age.3 .R5.LINE.XviD-COALiTiON (Edited),2009,0.3333333333333333,0.3333333333333333,0.4000000000000001,3
1984_Ghostbusters.1984.SE.DVDRip.XviD-UnSeeN.en,1984,0.29999999999999993,0.09999999999999999,0.4714285714285714,7
1980_Any.Which.Way.You.Can.1980.XViD.5.1.AC3-ShitBusters.ENG,1980,-0.019999999999999997,-0.11999999999999997,0.02,5
2020_Jumanji.The.Next.Level.2019.HC.720p.HDRip.800MB.x264-GalaxyRG,2020,0.36,0.25,0.30000000000000004,10
2012_The.Twilight.Saga.Breaking.Dawn.Part.2.2012.NEW.TS.XviD.AC3-ADTRG,2012,0.5,0.3,0.5399999999999999,5
2016_Deadpool,2016,-0.39999999999999997,-0.44444444444444453,-0.011111111111111103,9
2022_Thor.Love.and.Thunder.2022.1080p.WEB-DL.DDP5.1.Atmos.H.264-EVO,2022,0.3888888888888889,0.4222222222222222,0.5222222222222223,9
2015_Jurassic World,2015,-0.028571428571428564,-0.1285714285714286,0.34285714285714286,7
2013_Man.Of.Steel.2013.720p.BluRay.x264-Felony,2013,0.4,0.31249999999999994,0.7125,8
1992_The Hand That Rocks the Cradle [1992],1992,-0.16666666666666666,-0.2333333333333333,-0.15,6
1999_The.Mummy.1999.Blu-ray.720p.x264.DTS-CHD.ENG,1999,0.2333333333333333,0.16666666666666666,0.35000000000000003,6
2009_Monsters Vs Aliens[2009]DvDrip-aXXo,2009,0.5,0.5666666666666665,0.6833333333333332,6
2000_The.Perfect.Storm.2000.720p.BluRay.DDEX.x264-ESiR.ENG,2000,0.19999999999999998,-0.0857142857142857,0.35714285714285715,7
2014_Big.Hero.6.2014.720p.BluRay.x264-SPARKS,2014,0.44999999999999996,0.275,0.7000000000000002,8
1977_The.exorcist.II.-.the.heretic.[shareprovider.com],1977,0.2,0.1,0.13999999999999999,5
2007_300.eng,2007,-0.19999999999999998,-0.4666666666666666,-0.11666666666666668,6
1986_Crocodile.Dundee.1986.720p.BluRay.X264-AMIABLE,1986,0.4166666666666667,0.08333333333333331,0.4166666666666667,6
1988_Moonstruck.1987.DVDRip.XviD-Shoo.ENG,1988,0.17142857142857143,0.15714285714285717,0.1142857142857143,7
1983_Octopussy.1983.DVD5.720p.HDTV.x264-NBS.eng,1983,-0.2,-0.44000000000000006,0.13999999999999999,5
2008_Madagascar-Escape.2.Africa[2008]DvDrip-aXXo.en,2008,0.475,0.275,0.6125,8
1996_Mission.Impossible.1996.720p.BluRay.DD.x264-ESiR.ENG,1996,0.05,-0.32499999999999996,0.325,4
2002_Men.In.Black.II.2002.1080p.Blu-ray.AVC.DTS-HD.MA.5,2002,0.35000000000000003,0.19999999999999998,0.39999999999999997,6
1980_Stir Crazy,1980,0.31666666666666665,0.4166666666666667,0.3833333333333333,6
2008_Horton Hears a Who![2008]DvDrip AC3[Eng]-FXG,2008,0.7999999999999999,0.9000000000000001,0.7285714285714286,7
1984_Gremlins. 1984. 1080p. Bluray. X264-DIMENSION. ENG,1984,0.11666666666666665,-0.10000000000000002,0.016666666666666663,6
2014_The.Hunger.Games.Mockingjay.Part.1.2014.720p.BluRay.x264-SPARKS,2014,0.7285714285714285,0.7285714285714286,0.8285714285714286,7
1992_Basic.Instinct.1992.720p.HDDVD.x264-ESiR,1992,-0.42857142857142855,-0.5571428571428572,-0.17142857142857146,7
2021_F9. The. Fast. Saga. 2021. THEATRICAL. 1080p. BluRay. x264-RUSTED,2021,0.011111111111111096,-0.2222222222222222,0.23333333333333328,9
2018_Jurassic World Fallen Kingdom (2018) 720p English HDCAM-Rip - x264 - MP3 750MB,2018,0.0,-0.18333333333333326,0.41666666666666674,6
1996_A.Time.To.Kill.1996.1080p.BluRay.x264-VOA,1996,-0.05833333333333333,-0.033333333333333326,-0.041666666666666685,12
1989_Honey.I.Shrunk.The.Kids.1989.DVDRip.XviD.ENG,1989,0.25,0.19999999999999998,0.35000000000000003,6
2014_Maleficent.2014.720p.BluRay.x264-SPARKS,2014,0.5,0.39999999999999997,0.35000000000000003,4
1989_Parenthood (1989),1989,0.09,0.14,0.30999999999999994,10
2007_POTC 3 - At Worlds End (2007) 720p BluRay AC3 x264 - AdiT.english,2007,0.24444444444444446,0.09999999999999999,0.25555555555555554,9
2010_timpe-inception,2010,0.2111111111111111,0.06666666666666668,0.25555555555555554,9
2011_Transformers.Dark.Of.The.Moon.2011.BluRay.720p.DTS.x264-CHD.eng,2011,0.024999999999999998,-0.2083333333333333,0.3,12
2007_Ratatouille.2007.720p.BluRay.DTS.x264-ESiR.ENG,2007,0.375,0.27499999999999997,0.55,8
2017_The.Fate.of.the.Furious.2017.720p.BluRay.x264-SPARKS,2017,0.13333333333333336,-0.01111111111111112,0.33333333333333337,9
2023_Oppenheimer,2023,0.30476190476190484,0.15714285714285717,0.5380952380952381,21
2021_Eternals.2021.1080p.WEB-DL.DDP5.1.H.264-EVO.v2,2021,0.5222222222222223,0.4,0.6111111111111112,9
1999_[HDteam] Austin.Powers.La.Espia.que.me.Achucho.1999.[1080p].[BluRay].[x264].[Dual].[Subs]-by Ruben,1999,-0.1,-0.21249999999999994,0.2,8
1981_History.Of.The.World.Part.I.1981.1080p.BluRay.x264-CiNEFiLE.ENG,1981,-0.16666666666666666,-0.3833333333333333,0.19999999999999996,6
2002_[TLOTR]The.Two.Towers.CD1[2002][Special.Extended.Edition]DvDrip[Eng]-aXXo,2002,0.25,0.08333333333333333,0.18333333333333332,6
1994_True.Lies.1994.720p.DTheater.DD5.1.x264-EbP,1994,-0.09000000000000001,-0.32,0.22000000000000003,10
1997_George Of The Jungle (1997).en,1997,0.5,0.38571428571428573,0.4571428571428572,7
1977_Saturday.Night.Fever.1977.720p.BluRay.x264-CiNEFiLE.ENG,1977,-0.5666666666666667,-0.7222222222222223,-0.2111111111111111,9
1981_For.Your.Eyes.Only.1981.REAL.REPACK.1080p.BluRay.x264-RoCKRioT.ENG,1981,0.0,-0.019999999999999997,0.18,5
2003_Terminator.3.2003.720p.HDDVD.x264-ESiR.ENG,2003,0.2,-0.1,0.27999999999999997,5
2018_The.Grinch.2018.1080p.WEB-DL.X264.DD5.1-SeeHD,2018,0.15,0.11249999999999999,0.2125,8
1989_Dead Poets Society 1989 ENG 25fps SDH utf-8,1989,0.54,0.51,0.65,10
1994_Clear.And.Present.Danger.1994.1080p.HDDVD.x264-hV.ENG,1994,-0.15714285714285717,-0.5,0.1142857142857143,7
1997_Men.In.Black.1997.1080p.Blu-ray.AVC.DTS-HD.MA.5.1-CHDBits.english,1997,0.3666666666666667,0.049999999999999996,0.5166666666666666,6
2022_Jurassic World_ Dominion,2022,0.4,0.21000000000000002,0.6000000000000001,10
1980_SW.Episode.5.The.Empire.Strikes.Back.1980.BluRay.1080p.DTSES6.1.x264-CHD.eng,1980,0.18571428571428572,0.04285714285714287,0.17142857142857146,7
1989_Look_Who_Is_Talking_Eng,1989,0.12000000000000002,0.11999999999999997,0.42000000000000004,5
2009_Up.2009.480p.BRRip.XviD.AC3-ViSiON,2009,0.25,0.1333333333333333,0.6499999999999999,6
1993_Mrs.Doubtfire.1993.720p.BluRay.x264-SiNNERS,1993,0.41111111111111115,0.25555555555555554,0.48888888888888893,9
2007_The.Simpsons.Movie[2007]DvDrip.AC3[Eng]-aXXo,2007,0.45,0.3333333333333333,0.39999999999999997,6
1996_Ransom_EN,1996,-0.23333333333333334,-0.5,-0.06666666666666665,9
1997_Liar Liar,1997,-0.15714285714285717,-0.24285714285714283,0.09999999999999999,7
1991_Dances.With.Wolves.1990.Directors.Cut.BRRip.XviD.AC3-FLAWL3SS.fixed,1991,0.48749999999999993,0.3875,0.1875,8
1987_The.Secret.of.My.Success.1987.720p.BluRay.X264-AMIABLE,1987,0.175,0.075,0.5125,8
2000_Erin Brokovich.2000.BluRay.1080p.x264-HQF.ENG,2000,0.7666666666666666,0.8777777777777779,0.7777777777777779,9
1990_The.Hunt.For.Red.October.1990.720p.HDDVD.x264-SiNNERS.ENG,1990,0.31428571428571433,0.09999999999999999,0.6,7
1990_Driving Miss Daisy,1990,0.3333333333333333,0.4666666666666666,0.43333333333333335,6
1983_Tootsie,1983,0.44000000000000006,0.6300000000000001,0.45,10
1988_Coming.To.America.1988.1080p.BluRay.x264-Japhson.ENG,1988,0.25,0.4833333333333332,0.5666666666666668,6
2012_The.Dark.Knight.Rises.2012.720p.BluRay.x264-SPARKS,2012,-0.13999999999999999,-0.04999999999999998,0.06999999999999999,10
2007_Tranformers.2007.1080p.BluRay.DTS.x264-ESiR.ENG,2007,0.2,0.10909090909090911,0.38181818181818183,11
1981_the cannonball run eng bluray,1981,-0.1375,-0.16249999999999998,0.15,8
2002_Star.Wars.Episode.II.Attack.of.the.Clones.(2002).DVDRip.XviD-UnSeeN,2002,0.22857142857142856,-0.04285714285714285,0.3142857142857142,7
2021_Spider-Man_No_Way_Home.2022.1080p.Bluray.DTS-HD.MA.5.1.X264-EVO,2021,0.38461538461538464,0.32307692307692304,0.5153846153846154,13
2002_A.Beautiful.Mind.2001.BluRay.720p.DTS.x264-CHD.eng,2002,0.28888888888888886,0.06666666666666668,0.5333333333333333,9
2012_MSAR. EN2,2012,0.5285714285714286,0.48571428571428565,0.757142857142857,7
2000_Meet.the.Parents.2000.HD-DVD-Rip.x264.1080p.DTS-de[42].ENG,2000,0.03333333333333334,-0.2666666666666667,0.15555555555555556,9
2005_Star.Wars.Episode.III.Revenge.of.the.Sith.(2005).DVDRip.XviD-UnSeeN,2005,-0.09999999999999999,-0.4428571428571429,-0.29999999999999993,7
1997_Face.Off.1997.1080p.BD9.OXiDE.ENG,1997,-0.15000000000000002,-0.3666666666666667,0.03333333333333335,6
2015_Minions.2015.720p.BluRay.x264-GECKOS,2015,-0.21666666666666667,-0.36666666666666664,0.19999999999999998,6
1978_Superman.1978.Special.Edition.720p.BluRay.x264.DTS-WiKi.eng,1978,0.0875,-0.05000000000000002,0.4125,8
2003_X2 X-Men United 2003 Dvdrip Xvid Ac3.5.1Ch Cd1-Waf,2003,0.06666666666666667,-0.16666666666666666,-0.10000000000000003,3
2008_Indiana.Jones.And.The.Kingdom.Of.The.Crystal.Skull[2008]DvDrip-aXXo.en,2008,0.06666666666666667,-0.1333333333333333,0.4166666666666667,6
1994_The.Mask.1994.BluRay.1080p.DTS.x264.dxva-EuReKA.ENG,1994,-0.033333333333333326,-0.16666666666666666,0.26666666666666666,6
1986_Aliens.1986.Special.Edition.720p.BluRay.x264.DTS-WiKi.EN,1986,0.17777777777777778,0.12222222222222223,0.23333333333333334,9
1986_Ruthless.People.1986.German.DL.720p.HDTV.DD5.1.x264.eng,1986,-0.6428571428571429,-0.7285714285714286,-0.48571428571428565,7
2004_Shark Tale.en,2004,0.05714285714285714,-0.17142857142857143,0.39999999999999997,7
2017_Thor.Ragnarok.2017.720p.WEB-DL.H264.AC3-EVO,2017,0.2777777777777778,0.09999999999999999,0.28888888888888886,9
2017_Logan,2017,-0.08888888888888889,-0.18888888888888886,-0.17777777777777778,9
1987_Fatal Attraction 1987 1080p BluRay Remux AVC TrueHD 5. 1 COMM-KESH. EN 23. 976,1987,-0.35714285714285715,-0.5714285714285714,-0.21428571428571427,7
2005_War.of.the.Worlds.2005.mHD.Bluray.DD5.1.x264-EPiK.eng,2005,-0.1285714285714286,-0.19999999999999998,-0.1142857142857143,7
1987_Predator.1987.DVDRip.XviD.ShitBusters.ENG,1987,-0.5,-0.6999999999999998,-0.3,3
1983_Mr. Mom. 1983. DVDRip. x264-NoRBiT,1983,0.17142857142857143,0.2714285714285714,0.2571428571428571,7
2019_Aladdin.2019.720p.WEB-DL.x264.AAC-BonsaiHD,2019,0.425,0.2916666666666667,0.5583333333333332,12
1995_Apollo.13.1995.DVDRip.Xvid.AC3-GoRDo.ENG,1995,0.5818181818181818,0.43636363636363634,0.8181818181818183,11
2008_TheDarkKnight_2008_DVD-NikonXp.EN,2008,-0.2833333333333334,-0.45,-0.14166666666666666,12
2000_What.Lies.Beneath.2000.720p.WEB-DL.DD5.1.H.264-ViGi,2000,0.0,-0.11666666666666665,-0.06666666666666667,6
1979_Star Trek - The Motion Picture,1979,0.5285714285714286,0.32857142857142857,0.7285714285714285,7
1985_Beverly. Hills. Cop. 1984. 720p. BluRay. x264. DTS-WiKi. eng,1985,-0.21666666666666667,-0.26666666666666666,0.15000000000000002,6
1991_City.Slickers.1991.1080p.X264.BluRay.X264-AMIABLE,1991,0.2777777777777778,0.16666666666666666,0.32222222222222224,9
2019_Frozen.II.2019.DVDScr.XVID.AC3.HQ.Hive-CM8,2019,0.5666666666666667,0.5666666666666668,0.7666666666666667,9
1981_The.Great.Muppet.Caper.1981.AE.DVDRip.XviD-Shoo.ENG,1981,0.3125,0.2375,0.3,8
2023_Spider Man Across the Spider Verse 2023 1080p V3 NEW No Chew Edition HDTS Video X264 Will1869,2023,0.48000000000000004,0.5266666666666667,0.6400000000000001,15
2005_The.Chronicles.Of.Narnia.2005.BluRay.1080p.DTS.x264.dxva-EuReKA.ENG,2005,0.5428571428571428,0.38571428571428573,0.41428571428571426,7
1985_Cocoon.1985.1080p.BluRay.x264-CiNEFiLE.ENG,1985,0.5857142857142856,0.4714285714285714,0.5857142857142856,7
2007_Shrek.the.Third.(2007).DVDRip.AC3.XviD-UnSeeN,2007,0.4571428571428572,0.4428571428571429,0.5857142857142856,7
1989_Rain Man (1988).eng,1989,0.21818181818181817,0.15454545454545454,0.2545454545454545,11
2014_Dawn.of.the.Planet.of.the.Apes.2014.1080p.BluRay.x264-SPARKS,2014,0.44000000000000006,0.26,0.26,5
1993_Cliffhanger.1993.Blu-ray.720p.x264.DTS-CHD.ENG,1993,-0.5166666666666667,-0.65,-0.3,6
2006_Superman.Returns.2006.1080p.BluRay.x264-HANGOVER.ENG,2006,0.0,-0.26666666666666666,0.13333333333333328,6
1978_Every.Which.Way.But.Loose.1978.1080p.BluRay.x264-aAF.ENG,1978,-0.3333333333333333,-0.3333333333333333,-0.033333333333333326,6
1983_WarGames.1983.1080p.BluRay.H264.AAC-RARBG.Hi,1983,0.1111111111111111,2.4671622769447922e-17,0.33333333333333326,9
1990_Pretty.Woman.1990.720p.BluRay.x264-AVS720.eng,1990,0.044444444444444446,-0.3111111111111111,0.1888888888888889,9
2006_Over.The.Hedge[2006]DvDrip.AC3[Eng]-aXXo,2006,0.225,0.175,0.35,4
2007_I.Am.Legend[2007]DvDrip[Eng]-aXXo.en,2007,0.5,0.3,0.575,4
1990_back.to.the.future.part.3.1990.720p.bluray.x264-nezu.eng,1990,0.21428571428571427,0.07142857142857142,0.38571428571428573,7
2015_Furious.Seven.2015.EXTENDED.720p.BluRay.x264-SPARKS,2015,0.5222222222222223,0.37777777777777777,0.6111111111111112,9
1996_The.Rock.1996.CRiTERiON.DVDRip.XviD.AC3-UnSeeN,1996,0.15555555555555556,-0.14444444444444443,0.21111111111111114,9
1978_Grease,1978,-0.07777777777777779,-0.16666666666666663,0.24444444444444446,9
1977_The.Spy.Who.Loved.Me.1977.DVD5.720p.HDTV.x264-NBS.eng,1977,-0.06000000000000001,-0.24,0.27999999999999997,5
2005_Madagascar[2005]DvDrip-aXXo.en,2005,0.32857142857142857,0.12857142857142856,0.3714285714285714,7
2002_Harry.Potter.and.the.Chamber.of.Secrets.2002.720p.HDDVD.DTS.x264-ESiR.ENG,2002,0.1111111111111111,-0.02222222222222224,0.15555555555555556,9
1992_Sister Act (1992)(includes lyrics),1992,0.27,0.2899999999999999,0.42000000000000004,10
2007_Harry.Potter.and.the.Order.of.the.Phoenix.2007.720p.BluRay.DTS.x264-ESiR.ENG,2007,0.3125,0.26249999999999996,0.38750000000000007,8
1991_Teenage Mutant Ninja Turtles 2,1991,0.25,-0.016666666666666663,0.3499999999999999,6
2006_Pirates.of.the.Caribbean.Dead.Mans.Chest.2006.DIRFIX.DVD9.720p.BluRay.x264-REVEiLLE.eng,2006,0.1625,0.012499999999999994,0.2375,8
2021_Shang-Chi. And. The. Legend. Of. The. Ten. Rings. 2021. 1080p. BluRay. x264-VETO,2021,0.3375,0.32499999999999996,0.48750000000000004,8
2013_Star.Trek.Into.Darkness.2013.BluRay.720p.x264-HDWinG,2013,0.5,0.29000000000000004,0.6900000000000002,10
2010_despicable.me.dvdrip.xvid-imbt.en,2010,0.11666666666666665,4.625929269271485e-18,0.35000000000000003,6
2003_Bad.Boys.II.2003.720p.BluRay.X264-AMIABLE,2003,-0.43636363636363634,-0.6454545454545455,-0.009090909090909078,11
2008_Hancock.720p.BluRay.x264-REFiNED.ENG,2008,-0.07142857142857142,-0.21428571428571425,0.27142857142857146,7
2001_Pearl.Harbor.2001.DVD9.720p.BluRay.x264-hV,2001,0.2857142857142857,0.16428571428571428,0.4857142857142857,14
2019_Captain Marvel (2019).[720p HQ DVDScr - HQ Line Audios - [Hindi + Eng] - x264 - 950MB],2019,0.5571428571428572,0.5285714285714286,0.7428571428571428,7
2017_Guardians.of.the.Galaxy.Vol.2.2017.720p.BluRay.x264-SPARKS,2017,0.39,0.18,0.44000000000000006,10
2020_The.Invisible.Man.2020.HDRip.XviD.AC3-EVO,2020,-0.01666666666666668,-0.04999999999999997,0.06666666666666667,6
2020_The Call of the Wild.2020.HDRip.XviD.AC3-EVO,2020,0.38,0.13999999999999999,0.44000000000000006,5
2021_Free.Guy.2021.BDRip.XviD.AC3-EVO.v2,2021,0.49090909090909085,0.4636363636363637,0.690909090909091,11
2004_H.P.3-Prisoner.Of.Azkaban[2004]DvDrip-aXXo,2004,0.1875,0.22499999999999998,0.325,8
2021_No.Time.to.Die.1080p.AMZN.WEB-DL.DDP5.1.H.264-CMRG,2021,0.040000000000000015,-0.15999999999999998,0.04999999999999999,10
2012_The.Hunger.Games.2012.720p.BluRay.x264.DTS-HDChina.eng,2012,0.2571428571428572,0.07142857142857142,0.22857142857142856,7
1990_Die.Hard.2.1990.1080p.BluRay.x264-WPi.ENG,1990,-0.3,-0.4833333333333334,-0.03333333333333334,12
2016_Captain.America.Civil.War.2016.720p.BluRay.X264-AMIABLE,2016,0.2818181818181818,0.16363636363636364,0.4727272727272727,11
1987_Stakeout (ENG),1987,-0.31428571428571433,-0.39999999999999997,-0.31428571428571433,7
2011_Fast.Five.2011.720p.BluRay.x264.DTS-WiKi.eng,2011,0.2857142857142857,0.21428571428571427,0.5,7
2015_The.Martian.2015.720p.BluRay.x264-SPARKS,2015,0.6375,0.48750000000000004,0.8375,8
1992_Batman.Returns.1992.1080p.BluRay.x264-CiNEFiLE.ENG,1992,-0.5499999999999999,-0.6833333333333335,-0.25,6
2019_Joker.2019.720p.HC.HDRip.XviD.AC3-EVO,2019,-0.4428571428571429,-0.29999999999999993,-0.4857142857142857,7
2011_The. Hangover. Part. II. 2011. 720p. BrRip. x264. YIFY,2011,0.0,-0.04444444444444444,0.24444444444444446,9
1998_Deep Impact (1998),1998,0.47000000000000003,0.32999999999999996,0.51,10
1995_Waterworld.en,1995,-0.2857142857142857,-0.5142857142857142,-0.05714285714285713,7
1992_Home Alone 2_ Lost in New York,1992,0.2833333333333333,0.26666666666666666,0.45,6
2013_Oz.the.Great.and.Powerful.2013.720p.BluRay.x264-SPARKS,2013,0.38,0.22000000000000003,0.52,10
1979_meatballs.1979.720p.bluray.x264-psychd-eng,1979,-0.3428571428571429,-0.4285714285714285,1.1895246692412391e-17,7
1981_The Four Seasons (1981)_aw,1981,-0.08461538461538462,-0.023076923076923085,0.038461538461538464,13
2000_Dinosaur.2000.PROPER.1080p.BluRay.x264-Japhson,2000,0.5,0.5666666666666667,0.5333333333333333,3
2010_Iron.Man.2.(2010).BDRip.AC3.XviD-CaLLiOpeD,2010,6.1679056923619804e-18,-0.2222222222222222,0.4444444444444444,9
1997_My.Best.Friends.Wedding.1997.BDRip.X264-TLF,1997,0.17142857142857143,-0.05714285714285712,0.15714285714285717,7
1979_The.Amityville.Horror.1979.Blu-ray.Re.x264.1080p.DTS-HDS.ENG,1979,0.18,0.1,0.08,5
2017_Star.Wars.The.Last.Jedi.2017.720p.BluRay.x264-SPARKS,2017,0.3111111111111111,0.17777777777777776,0.34444444444444444,9
1988_Who.Framed.Roger.Rabbit.1988.720p.BluRay.x264-HD4U,1988,0.09999999999999999,0.17142857142857143,0.2285714285714286,7
1983_National.Lampoons.Vacation.1983.720p.BluRay.DD1.0.x264-CtrlHD,1983,-0.2875,-0.375,-0.05,8
2021_Ghostbusters.Afterlife.2021.1080p.AMZN.WEB-DL.DDP5.1.H.264-EVO,2021,0.3625,0.2875,0.5,8
2018_Ant Man and the Wasp 2018 New HDCAM-X264-Sexxy,2018,0.35,0.225,0.525,8
2011_POTC 4 - On Stranger Tides (2011) 720p BluRay AC3 x264 - AdiT.english,2011,-0.15714285714285717,-0.31428571428571433,-0.09999999999999999,7
1998_Godzilla,1998,0.18571428571428572,0.042857142857142864,0.2857142857142857,7
2009_The.Hangover.DVDRip.XviD-DoNE,2009,-0.08888888888888889,-0.2111111111111111,-0.022222222222222223,9
2015_Avengers.Age.of.Ultron.2015.720p.BluRay.x264-SPARKS,2015,0.2818181818181818,0.0818181818181818,0.4,11
2020_Bad.Boys.for.Life.2020.1080p.HDRip.X264.AC3-EVO,2020,0.11000000000000001,0.04,0.27,10
1986_Top Gun,1986,0.12000000000000002,-0.04000000000000001,0.28,5
2022_The.Batman.2022.HDRip.850MB.c1nem4.x264-SUNSCREEN,2022,-0.21818181818181817,-0.36363636363636365,-0.07272727272727274,11
1985_Fletch.1985.1080p.BluRay.x264-Japhson.ENG,1985,-0.10000000000000002,-0.19999999999999996,0.0,9
2001_Harry.Potter.and.the.Philosophers.Stone.2001.720p.HDDVD.DTS.x264-ESiR.ENG,2001,0.2857142857142857,0.19999999999999998,0.5857142857142856,7
2011_The.Twilight.Saga.Breaking.Dawn.Part.1.2011.720p.BluRay.x264-SPARKS English,2011,0.475,0.16249999999999998,0.5625,8
2019_Avengers Endgame 2019 NEW 720p HDCAM x264-iMaX,2019,0.5599999999999999,0.38,0.7200000000000002,10
1982_Indiana.Jones.And.The.Raiders.Of.The.Lost.Ark.(1981).DVDrip.Xvid-DEiTY,1982,0.10000000000000002,-0.13333333333333333,0.20000000000000004,6
2004_The.Polar.Express.2004.BluRay.1080p.DTS.x264.dxva-EuReKA.ENG,2004,0.44000000000000006,0.26,0.4,5
2004_Shrek.2.2004.720p.BluRay.x264-MELiTE.eng,2004,0.19999999999999998,0.12857142857142856,0.19999999999999998,7
1984_Footloose dvd rip[eng]XviD.Rets.en,1984,0.34285714285714286,0.22857142857142856,0.5285714285714286,7
1996_101_dalmatians-en,1996,-0.3,-0.42000000000000004,-0.13999999999999999,5
1979_The.Jerk.1979.1080p.HDDVD.x264-FSiHD.ENG_HI,1979,0.09,0.06999999999999999,0.38,10
1995_Toy Story,1995,0.38571428571428573,0.34285714285714286,0.42857142857142855,7
2016_Finding.Dory.2016.720p.BluRay.X264-AMIABLE,2016,0.5333333333333333,0.5222222222222223,0.6888888888888889,9
2008_Iron.Man[2008]DvDrip-aXXo.en,2008,0.3,0.07500000000000001,0.6124999999999999,8
1982_An.Officer.and.a.Gentleman.1982.720p.BluRay.X264-AMIABLE,1982,-0.2857142857142857,-0.48571428571428577,-0.028571428571428564,7
2013_Frozen.2013.720p.BluRay.x264-SPARKS,2013,0.38,0.27999999999999997,0.4,10
2018_Deadpool 2,2018,-0.0090909090909091,0.07272727272727271,0.3909090909090909,11
1986_Ferris.Buellers.Day.Off.1986.1080p.BluRay.x264-CiNEFiLE.ENG,1986,0.08571428571428573,-0.014285714285714294,0.24285714285714288,7
2004_The.Incredibles.2004.720p.BluRay.X264-AMIABLE.eng,2004,0.35,0.09999999999999999,0.42499999999999993,8
1998_Good.Will.Hunting.1997.BluRay.1080p.DTS.h264.REMUX.dxva-EuReKA.ENG,1998,0.21000000000000002,0.25,0.24,10
2011_Cars.2.720p.BluRay.x264.REPACK-METiS.eng,2011,0.09999999999999999,0.055555555555555546,0.16666666666666663,9
1982_The Best Little Whorehouse In Texas - 1982,1982,0.03333333333333334,-0.04444444444444442,0.08888888888888889,9
1986_The Color Purple_DVDrip_aviM720_DVD1_en,1986,-0.125,-0.10000000000000003,-0.19999999999999998,4
1982_E.T.The.Extra-Terrestrial.1982.720p.BluRay.X264-AMIABLE,1982,0.54,0.39999999999999997,0.6799999999999999,5
1985_The.Goonies.1985.720p.BluRay.DTS.x264-ESiR.ENG,1985,0.3,0.4,0.525,8
1992_A LEAGUE OF THEIR OWN [1992][MP3][DVDRIP-M333]-FLAWL3SS,1992,0.37,0.54,0.5599999999999999,10
2001_Monsters.Inc.2001.BluRay.1080p.DTS.x264.dxva-EuReKA.ENG,2001,0.19999999999999998,0.049999999999999996,0.3666666666666667,6
2003_TLOTR.The.Return.of.the.King.2003.Extended.BluRay.1080p.DTSES6.1.x264-CHD.eng,2003,0.43636363636363634,0.2818181818181818,0.3090909090909091,11
1982_Star Trek 02 Wrath Of Khan 1982 1280x528.eng,1982,0.4555555555555555,0.2777777777777778,0.577777777777778,9
1989_Ghostbusters.II.1989.720p.BluRay.X264-AMIABLE-HI,1989,0.2,0.16,0.44000000000000006,10
1999_big. daddy. 1999. 720p. bluray. x264-amiable. EN,1999,0.18888888888888888,0.2,0.3333333333333333,9
1980_The.Blues.Brothers.1980.EXTENDED.720p.BluRay.X264-AMIABLE,1980,0.23333333333333334,0.2,0.2222222222222222,9
1990_Dick.Tracy.1990.DVDRip.INTERNAL.XviD-VH-PROD,1990,-0.36250000000000004,-0.55,0.125,8
2000_How.the.Grinch.Stole.Christmas.2000.REMASTERED.720p.BluRay.X264-AMIABLE,2000,-0.14285714285714285,-0.2,0.042857142857142864,7
2003_The.Matrix.Reloaded.2003.720p.HDDVD.DTS.x264-ESiR.ENG,2003,-0.042857142857142864,-0.14285714285714285,0.14285714285714282,7
1994_The.Lion.King.1994.720p.BluRay.DD5.1.x264-DON,1994,0.0,-0.3428571428571429,0.014285714285714266,7
2013_Iron.Man.3.2013.720p.BluRay.x264-SPARKS,2013,-0.009090909090909089,-0.16363636363636364,0.21818181818181823,11
2018_Black.Panther.2018.720p.BluRay.x264-SPARKS,2018,0.16666666666666666,0.07777777777777778,0.5111111111111111,9
1996_The.Nutty.Professor.1996.720p.DVD5.HDDVD.x264-hV.English,1996,-0.3416666666666666,-0.4916666666666667,0.11666666666666665,12
1980_Nine to Five,1980,-0.39999999999999997,-0.14285714285714285,0.08571428571428572,7
2020_1917,2020,0.3,0.22000000000000003,0.12,5
1997_Titanic.1997.720p.BluRay.X264-AMIABLE,1997,0.2833333333333334,0.30000000000000004,0.31666666666666665,12
1995_Pocahontas.1995.720p.BluRay.x264.DTS-WiKi.eng,1995,0.13333333333333333,-0.1166666666666667,-0.05000000000000002,6
2014_X-Men.Days.of.Future.Past.2014.720p.BluRay.X264-AMIABLE,2014,0.375,0.32499999999999996,0.6125,8
1990_Ghost,1990,0.07500000000000001,-0.012499999999999997,-0.037500000000000006,8
1981_Superman.II.The.Richard.Donner.Cut.1980.720p.BluRay.x264.DTS-WiKi.eng,1981,0.0,-0.12857142857142856,-0.08571428571428572,7
1993_Jurassic.Park.TUC.1993.DVDRip.XviD.Subs.EN-UnSeeN,1993,0.09999999999999999,0.07142857142857142,0.35714285714285715,7
2008_Kung.Fu.Panda[2008]DvDrip-aXXo.en,2008,0.3333333333333333,0.26666666666666666,0.5333333333333333,6
2019_Spider-Man.Far.From.Home.2019.V3.1080p.NEW.HDTC.H264.AC3.ADDS.CUT.BLURRED.Will1869,2019,0.13,-0.009999999999999998,0.45,10
1977_Close.Encounters.of.the.Third.Kind.Collectors.Edition.1977.720p.BluRay.DTS.x264-ESiR.ENG,1977,0.5,0.3333333333333333,0.6166666666666666,6
2009_The.Twilight.Saga.New.Moon.2009.Bluray.1080p.DTSMA.x264.dxva-FraMeSToR.ENG,2009,0.2375,0.09999999999999999,0.0875,8
1993_The.Firm.1993.720p.BluRay.X264-AMIABLE,1993,-0.27999999999999997,-0.5700000000000001,0.06,10
2005_Wedding.Crashers.2005.UNRATED.1080p.BluRay.x264-CiNEFiLE.ENG,2005,-0.27499999999999997,-0.46666666666666673,-0.13333333333333336,12
1995_Ace.Ventura.When.Nature.Calls.1995.720p.BluRay.X264-AMIABLE,1995,0.45,0.3,0.39999999999999997,6
2017_Spider-Man.Homecoming.2017.720p.BluRay.x264-SPARKS,2017,0.22000000000000003,0.020000000000000004,0.38,10
2012_The.Avengers.2012.DVDRip.X264.AC3-NYDIC,2012,0.24,0.03,0.31000000000000005,10
1994_The.Santa.Clause.1994.DVDRip.XviD.iNTERNAL-iLs,1994,0.42857142857142855,0.2857142857142857,0.3,7
2022_Top.Gun.Maverick.2022.KORSUB.IMAX.1080p.WEBRip.AAC2.0.x264-SHITBOX,2022,0.24444444444444446,0.1111111111111111,0.5333333333333334,9
2011_Thor,2011,0.21428571428571427,0.05714285714285715,0.5714285714285714,7
1979_10,1979,-0.1285714285714286,-0.2857142857142857,-0.04285714285714286,7
2000_Scary Movie 1 iNT DvD RiP- WaCkOs,2000,-0.5,-0.6428571428571429,-0.35714285714285715,7
2014_Guardians.of.the.Galaxy.2014.DVDRip.X264.AC3.5.1-PLAYNOW,2014,0.25,0.15,0.3625,8
1995_Crimson.Tide.1995.1080p.Bluray.x264-FSiHD.ENG,1995,-0.1375,-0.17499999999999996,0.2875,8
2016_Suicide.Squad.2016.EXTENDED.720p.BluRay.x264-SPARKS,2016,-0.3111111111111111,-0.4888888888888888,-0.06666666666666668,9
2002_Signs.2002.720p.BluRay.x264.DTS-HDChina.eng,2002,0.45,0.31666666666666665,0.31666666666666665,6
1993_Sleepless In Seattle (1993).DVD.NonHI.pcc.en.TRSTR,1993,0.4083333333333334,0.20833333333333334,0.33333333333333326,12
1984_Police.Academy.1984.720p.BluRay.X264-AMIABLE,1984,-0.4166666666666667,-0.4499999999999999,-0.15000000000000002,6
1991_The.Naked.Gun.2.1.2.The.Smell.of.Fear.1991.BluRay.720p.DTS.x264-beAst.eng,1991,0.3,0.25999999999999995,0.4,5
2017_It,2017,0.024999999999999994,0.012500000000000011,0.11249999999999999,8
2016_The.Secret.Life.of.Pets.2016.720p.BluRay.x264-SPARKS,2016,-0.012500000000000011,-0.1625,0.037500000000000006,8
2022_Avatar The Way of Water (2022) 1080p BluRay AVC REMUX DTS-HD_ENG,2022,0.07142857142857142,-0.05714285714285715,0.24999999999999997,14
1999_Walt Disney Tarzan(1999) XviD avi DVDrip,1999,0.6199999999999999,0.45999999999999996,0.72,5
1988_Big.1988.Extended.Edition.720p.BluRay.x264.YIFY.eng,1988,0.2777777777777778,0.08888888888888889,0.3888888888888889,9
1984_Romancing.the.Stone.1984.720p.BluRay.x264-ESiR.ENG,1984,0.18,0.059999999999999984,0.44000000000000006,5
2005_Hitch.2005.WS.DVDRiP.XViD-CCTV.en,2005,0.14444444444444446,0.03333333333333334,0.3777777777777777,9
1990_Home.Alone.1990.1080p.BluRay.x264-HD1080.ENG,1990,-0.4166666666666667,-0.4166666666666667,0.11666666666666665,6
2001_Rush.Hour.2.2001.720p.BluRay.X264-AMIABLE,2001,-0.3,-0.11666666666666665,0.18333333333333332,6
1987_Lethal.Weapon.1.1987.1080p.BluRay.x264-CtrlHD.ENG,1987,-0.1285714285714286,-0.2285714285714286,0.057142857142857155,7
2006_Happy.Feet.2006.1080p.BD9.x264-IGUANA.ENG,2006,0.4375,0.4125,0.5875,8
1979_Apocalypse Now Redux.en,1979,-0.21666666666666665,-0.41666666666666674,-0.26666666666666666,12
2005_Harry.Potter.and.the.Goblet.of.Fire.2005.720p.HDDVD.DTS.x264-ESiR.ENG,2005,0.16666666666666666,0.07777777777777778,0.22222222222222218,9
1977_Oh God  Dvdrip Xvid-OlFa_English,1977,0.6,0.5375,0.5625,8
1985_Witness,1985,0.18,0.21999999999999997,0.14,5
2004_Spider-Man.2.1.2004.720p.BluRay.DTS.x264-ESiR.ENG,2004,0.41428571428571426,0.27142857142857146,0.5571428571428572,7
2019_Star.Wars.Episode.IX.The.Rise.of.Skywalker.2020.BDRip.XviD.AC3-EVO,2019,0.5666666666666667,0.5,0.7222222222222223,9
2007_[HDTeam]El Ultimatum De Bourne[1080p-Bluray][Dual+Subs][By Devilmort].ENG,2007,0.35000000000000003,0.2333333333333333,0.39999999999999997,6
2005_Charlie.and.the.Chocolate.Factory.2005.BluRay.1080p.DTS.x264.dxva-wsp.ENG,2005,0.2857142857142857,0.18571428571428572,0.5142857142857142,7
2009_Transformers.Revenge.of.the.Fallen.IMAX.Edition.2009.1080p.BluRay.DTS.x264-DON.ENG,2009,0.3,0.15454545454545454,0.49090909090909096,11
1994_Forrest Gump_1994_DVDrip_aviM720_en,1994,0.4583333333333333,0.4916666666666667,0.5916666666666667,12
1993_Proposta.Indecente.[1993].DVDRip.WS.AC3.UnitedShare.ENG,1993,-0.21666666666666667,-0.4833333333333334,0.033333333333333326,6
2010_Avatar.(2009).BDRip.AC3.XviD-D-Z0N3,2010,-0.15,-0.3125,0.0875,8
2010_Alice.In.Wonderland.2010.Bluray.1080p.DTSHD-MA.x264.dxva-FraMeSToR.ENG,2010,0.2833333333333333,0.09999999999999999,0.3666666666666667,6
2003_Pirates.of.the.Caribbean.The.Curse.of.the.Black.Pearl.Remastered.2003.720p.BluRay.DTSx264-ESiR.eng,2003,-0.2571428571428571,-0.37142857142857144,-0.05714285714285711,7
2009_Avatar.(2009).BDRip.AC3.XviD-D-Z0N3,2009,-0.15,-0.2875,0.1375,8
1998_dr_dolittle_engl,1998,0.32857142857142857,0.18571428571428572,0.4714285714285714,7
2008_Quantum.Of.Solace[2008]DvDrip-aXXo.en,2008,-0.25,-0.39999999999999997,-0.10000000000000002,6
2019_The.Lion.King.2019.BDRip.XviD.AC3-EVO,2019,0.2222222222222222,-6.1679056923619804e-18,0.21111111111111114,9
2016_The. Jungle. Book. 2016. 720p. BluRay. x264-AN0NYM0US,2016,0.14285714285714285,0.0857142857142857,0.2,7
2012_amazingspiderman,2012,0.36666666666666664,0.12222222222222223,0.47777777777777786,9
1982_Rocky III,1982,0.028571428571428574,-0.12857142857142856,0.22857142857142856,7
2006_Cars.2006.BRRip.XviD.AC3.D-Z0N3,2006,0.30000000000000004,0.21111111111111114,0.4444444444444444,9
1992_ARG-LETHAL_WEAPON_3___1992__PALDVDRIP__XVID_MP3_ENG__A_RG,1992,-0.018181818181818188,-0.06363636363636363,0.19090909090909092,11
1988_Crocodile. Dundee. II. 1988. 720p. BluRay. x264-PSYCHD,1988,-0.08333333333333333,-0.08333333333333333,0.15,6
2015_Star.Wars.Episode.VII.The.Force.Awakens.2015.720p.BluRay.x264-Replica,2015,0.3375,0.125,0.4625,8
1991_Sleeping.with.the.Enemy.1991.720p.BluRay.x264-HD4U-eng,1991,0.1,0.11999999999999997,0.18000000000000002,5
2020_Birds.of.Prey.And.the.Fantabulous.Emancipation.of.One.Harley.Quinn.2020.HC.720p.HDRip.800M,2020,-0.34444444444444444,-0.3222222222222222,0.07777777777777775,9
1997_Batman.and.Robin.1997.1080p.BluRay.x264-CULTHD.ENG,1997,0.042857142857142864,-0.21428571428571425,0.3,7
1988_Good Morning Vietnam,1988,0.09,0.009999999999999986,0.37,10
1979_Moonraker. 1979. BluRay. 720p. x264. AC3-CMCT,1979,-0.375,-0.8,-0.05,4
1996_The First Wives Club,1996,0.44999999999999996,0.575,0.32499999999999996,8
1984_The.Karate.Kid.1984.1080p.BluRay.x264-CiNEFiLE.ENG,1984,0.4375,0.375,0.4625,8
1982_Porkys,1982,-0.6636363636363636,-0.7999999999999999,-0.5272727272727272,11
2021_Black.Widow.2021.1080p.WEB.H264-TIMECUT,2021,0.13749999999999998,0.025,0.225,8
2018_Jumanji.Welcome.to.the.Jungle.2017.1080p.WEB-DL.DD5.1.H264-FGT,2018,0.35454545454545455,0.3909090909090909,0.5272727272727273,11
1997_Air.Force.One.1997.720p.BRrip.x264.YIFY,1997,-0.07142857142857142,-0.2428571428571429,0.14285714285714285,7
2002_Ice Age.English,2002,0.3,0.14999999999999997,0.32499999999999996,4
2004_The.Passion.Of.The.Christ.2004.DVDRip.AC3.XviD-OS.iLUMiNADOS.ENG,2004,0.6,0.39999999999999997,0.16666666666666666,3
2013_The.Hunger.Games.Catching.Fire.2013.IMAX.EDITION.720p.BluRay.x264-PublicHD,2013,0.24444444444444446,0.14444444444444443,0.16666666666666666,9
2023_The.Little.Mermaid.2023.1080p.WEB-DL.DDP5.1.Atmos.H.264 (v3),2023,-0.045454545454545456,-0.10000000000000005,0.04545454545454545,11
1996_Independence.Day.1996.1080p.BluRay.DTS.x264-HDME.ENG,1996,0.3142857142857142,0.17857142857142855,0.6142857142857142,14
2002_Austin.Powers.in.Goldmember.2002.720p.BluRay.x264-REVEiLLE.ENG,2002,-0.037500000000000006,-0.1875,0.175,8
2009_Harry.Potter.and.the.Half.Blood.Prince.2009.720p.BluRay.DTS.x264-WiKi.eng,2009,0.16666666666666666,0.1111111111111111,0.2777777777777778,9
2011_Captain.America.The.First.Avenger.2011.BluRay.720p.DTS.x264-CHD.eng,2011,0.35714285714285715,0.3714285714285714,0.7000000000000001,7
2002_My.Big.Fat.Greek.Wedding.2002.DVDRip.XviD.AR - ENG,2002,0.4,0.19999999999999998,0.5,5
2017_Despicable. Me. 3. 2017. 720p. BluRay. X264-AMIABLE,2017,0.4571428571428572,0.27142857142857146,0.5285714285714286,7
1996_Twister.1996.720p.BluRay.x264-HALCYON,1996,0.2,0.05,0.575,8
2013_Despicable.Me.2.2013.720p.BluRay.x264-VeDeTT,2013,0.12857142857142856,0.07142857142857142,0.21428571428571427,7
2003_Finding.Nemo.720p.HDTV.DTS.x264-CtrlHD,2003,0.38,0.25,0.35,10
1991_Home.Alone.1990.1080p.BluRay.x264-HD1080.ENG,1991,-0.3,-0.35000000000000003,0.13333333333333333,6
2001_Hannibal.2001.1080p.BluRay.x264-iKA.ENG,2001,-0.6333333333333333,-0.7833333333333333,-0.6666666666666666,6
2006_Casino.Royale.2006.DVD9.720p.BluRay.DTS.x264-REVEiLLE.ENG,2006,-0.18333333333333335,-0.3833333333333333,0.16666666666666666,6
2019_It.Chapter.Two.2019.HDRip.XviD.AC3-EVO,2019,0.10714285714285714,0.05714285714285715,0.2214285714285714,14
2001_Shrek,2001,0.3,0.2833333333333333,0.18333333333333335,6
2012_Skyfall.2012.720p.BluRay.x264-DAA.eng,2012,-0.01428571428571429,-0.14285714285714285,0.09999999999999999,7
1999_The.Matrix.1999.720p.HDDVD.DTS.x264-ESiR.ENG,1999,0.35,0.13749999999999998,0.5000000000000001,8
2010_How.to.Train.Your.Dragon.(2010).BDRip.AC3.XviD-CaLLiOpeD,2010,0.44000000000000006,0.33999999999999997,0.6599999999999999,5
1978_Heaven.Can.Wait.1978.(El.Cielo.Puede.Esperar).DVDRip.XviD.MP3.Dual.ENG-ESP.English,1978,0.3125,0.225,0.425,8
1981_Excalibur,1981,0.35714285714285715,0.18571428571428572,0.31428571428571433,7
2014_Transformers.Age.of.Extinction.2014.720p.BluRay.x264-BLOW,2014,0.07692307692307694,-0.1538461538461538,0.4153846153846154,13
2001_The.Mummy.Returns.2001.720p.Blu-ray.x264.AC3-CHD.ENG,2001,0.24,0.13999999999999999,0.33999999999999997,5
1983_SW.Episode.6.Return.of.the.Jedi.1983.BluRay.1080p.DTSES6.1.x264-CHD.eng,1983,0.0,-0.1333333333333333,0.15,6
2016_Batman.v.Superman.Dawn.of.Justice.2016.EXTENDED.720p.BluRay.x264-SPARKS,2016,-0.19999999999999998,-0.2888888888888889,0.07777777777777778,9
1981_Bustin Loose (1981) - LordSadler,1981,0.325,0.37499999999999994,0.375,8
1982_Arthur.1981.DudleyMoore(Huey),1982,-0.15,-0.27499999999999997,0.125,8
2004_National.Treasure.2004.BluRay.1080p.DTS.x264.dxva-EuReKA.ENG,2004,0.19999999999999998,0.05,0.4625,8
1981_Stripes.1981.720p.BluRay.x264-CiNEFiLE,1981,0.1,0.075,0.36250000000000004,8
1998_The.Waterboy.1998.INTERNAL.DVDRip.XViD-BeRRa,1998,0.2857142857142857,0.3428571428571428,0.44285714285714295,7
2000_Mission.Impossible.II.2000.720p.BluRay.DTS.x264-ESiR.ENG,2000,-0.45999999999999996,-0.6,-0.019999999999999997,5
2013_Gravity.2013.BluRay.720p.x264.DTS-HDWinG,2013,0.44000000000000006,0.3,0.45999999999999996,5
1989_Back.to.the.Future.Part.II.1989.720p.BluRay.X264-AMIABLE,1989,-0.14444444444444446,-0.3222222222222222,0.15555555555555556,9
1988_Beetle.Juice.1988.720p.BluRay.x264-REVEiLLE.ENG,1988,-0.16666666666666666,-0.11666666666666665,0.049999999999999996,6
2010_The.Twilight.Saga.Eclipse.720p.Bluray.x264-CBGB.eng,2010,0.3,0.17500000000000002,0.3125,8
2009_Star.Trek.2009.BluRay.1080p.DTS.x264.dxva-EuReKA.ENG,2009,0.5625,0.375,0.7375,8
2018_The.Incredibles.2.2018.HDTC.Versions,2018,0.0,0.04444444444444447,0.22222222222222227,9
2012_TED 2012 TS XViD - INSPiRAL,2012,-0.07500000000000001,-0.14999999999999997,0.1,8
1999_The Blair Witch Project.DVDRip.Occor,1999,-0.1625,-0.15,-0.2375,8
2022_Black.Panther.Wakanda.Forever.2022.1080p.BluRay.x264.DTS-HD.MA.7.1-MT,2022,0.36363636363636365,0.33636363636363636,0.4454545454545455,11
2017_Wonder.Woman.2017.720p.BluRay.x264-SPARKS,2017,0.32222222222222224,0.3333333333333333,0.3888888888888889,9
1983_Trading.Places.1983.BluRay.1080p.DTS.x264.dxva-FTW-HD.ENG,1983,-0.39999999999999997,-0.42857142857142855,0.028571428571428564,7
2015_American.Sniper.2014.720p.BluRay.x264-SPARKS,2015,-0.12000000000000002,-0.24000000000000005,0.11000000000000001,10
1980_Coal Miners Daughter (1980) HDTV 2h 4m 8s @23.976fps.ENG-Hi,1980,0.07777777777777778,0.011111111111111108,0.08888888888888889,9
1998_Armageddon.1998.BluRay.1080p.DTSMA.x264.dxva-SuBoXoNe.ENG,1998,0.3461538461538462,0.13076923076923078,0.5615384615384615,13
1989_Indiana.Jones.And.The.Last.Crusade.(1989).DVDRiP.XViD-DEiTY,1989,0.375,0.1875,0.525,8
1977_Looking.For.Mr.Goodbar.ENG.PAL.en,1977,-0.5111111111111111,-0.588888888888889,-0.32222222222222224,9
1993_In.the.Line.of.Fire.1993.Blu-ray.720p.x264.DD51-HiS@SiLUHD.ENG,1993,-0.06,-0.08,0.06,5
2022_Sonic. the. Hedgehog. 2. 2022. 1080p. WEBRip. DDP5. 1. Atmos. x264-NOGRP,2022,0.3333333333333333,0.25555555555555554,0.5,9
2006_The.Da.Vinci.Code.2006.Extended.720p.BluRay.x264-BestHD.eng,2006,0.22727272727272727,0.018181818181818177,0.31818181818181823,11
1979_Alien.1979.Directors.Cut.720p.BluRay.x264.DTS-WiKi.EN,1979,0.16666666666666666,0.016666666666666666,0.25,6
1995_Die.Hard.With.A.Vengeance.1995.1080p.BluRay.x264-WPi.ENG,1995,-0.011111111111111108,0.011111111111111115,0.03333333333333334,9
1994_The.Flintstones.1994.720p.BluRay.x264-TRiPS,1994,0.028571428571428564,-0.09999999999999999,0.3714285714285715,7
1997_The.Lost.World.Jurassic.Park.1997.m-HD.AAC.Roboris.eng,1997,0.45,0.2333333333333333,0.31666666666666665,6
1980_Private.Benjamin.1980.720p.HDTVRip.XviD.AC3-RARBG.eng,1980,0.09999999999999999,-0.21428571428571427,0.12857142857142856,7
2006_Talladega.Nights.1080p.BluRay.WMV-HD.BD9-KOADIC.ENG,2006,-0.0181818181818182,-0.19090909090909092,0.24545454545454548,11
1977_The.Deep.1977.1080p.BluRay.4xRus.Eng.HDCLUB.ENG,1977,-0.3,-0.58,0.18,5
2006_Ice.Age.2.The.Meltdown.1080p.BluRay.DTS.x264-ESiR.ENG,2006,0.35,0.2,0.425,4
2003_Bruce.Almighty.2003.[1280x694].23.976fps.720p.BRRip.x264-ENG,2003,0.17142857142857143,-0.014285714285714282,0.21428571428571425,7
1998_Rush Hour 1,1998,-0.5,-0.65,0.13749999999999998,8
2012_The.Hobbit.An.Unexpected.Journey.2012.720p.BluRay.x264-SPARKS.eng,2012,0.25,0.08000000000000003,0.30999999999999994,10
2014_The.Amazing.Spider-Man.2.2014.720p.BluRay.x264-BLOW,2014,0.35,0.22000000000000003,0.4600000000000001,10
2003_Elf.2003.BDRE.720p.x264.AC3-SiLUHD.ENG,2003,0.44000000000000006,0.27999999999999997,0.4499999999999999,10
1989_ARG-LETHAL_WEAPON_2_1989__PALDVDRIP__XVID_MP3_ENG__A_RG,1989,-0.2625,-0.4375,-0.11250000000000002,8
2002_Spider-Man.2002.720p.BluRay.DTS.x264-ESiR.ENG,2002,0.2857142857142857,0.07142857142857142,0.42857142857142855,7
2001_The.Lord.of.the.Rings.The.Fellowship.of.the.Ring.Extended.Editions.2001.1080p.BluRay.x264.,2001,0.48,0.30999999999999994,0.39000000000000007,10
2016_Zootopia.2016.720p.BluRay.x264-SPARKS,2016,0.31,0.34,0.53,10
1993_The.Fugitive.1993.Blu-ray.Re.x264.1080p.DTS-HDS.ENG,1993,0.05714285714285715,-0.04285714285714287,0.21428571428571427,7
1988_Die.Hard.1988.Bluray.1080p.DTSMA.x264.dxva-FraMeSToR.ENG,1988,-0.1625,-0.29999999999999993,0.1,8
1984_Indiana Jones and the Temple of Doom 1984 1080p Blu-ray AVC DTS-HD,1984,0.07999999999999999,0.039999999999999994,0.12,5
2020_Sonic.The.Hedgehog.2020.720p.WEBRip.x264.AAC-.YTS.MX,2020,0.3,0.049999999999999996,0.5375,8
2023_The.Super.Mario.Bros.Movie.2023.1080p.MA.WEBRip.DDP5.1.Atmos.x264-CMaRioG,2023,0.3666666666666667,0.3166666666666667,0.5666666666666668,6
2007_Spider.Man.3.2007.1080p.BluRay.x264.YIFY,2007,0.3714285714285714,0.12857142857142856,0.37142857142857144,7
