year,title,universalism,egalitarianism,progress
1979,Rocky II,0.4454545454545455,0.32727272727272727,0.36363636363636365
1987,Three Men and a Baby (1987) CtB,0.30000000000000004,0.225,0.13749999999999998
2018,Solo.A.Star.Wars.Story.2018.720p.BluRay.x264.DTS-HDC,0.2545454545454545,0.15454545454545457,0.30000000000000004
2003,Chicago.2002.PROPER.1080p.BluRay.x264-LCHD.ENG,0.2090909090909091,0.0818181818181818,0.14545454545454548
1991,The.Silence.Of.The.Lambs.1991.BluRay.1080p.DTS.x264.dxva-EuReKA.ENG,-0.11666666666666665,-0.2833333333333333,-0.2333333333333333
2020,Dolittle.2020.HDRip.800MB.x264-GalaxyRG,0.611111111111111,0.5111111111111111,0.5777777777777778
1991,The.Addams.Family.1991.720p.BluRay.X264-AMIABLE,0.3,0.18333333333333332,0.10000000000000002
2018,Mission.Impossible.Fallout.2018.KORSUB.HDRip.x264-STUTTERSHIT,0.31428571428571433,0.17142857142857143,0.04285714285714285
1990,Teenage.Mutant.Ninja.Turtles.1990.1080p.BluRay.x264-HDCLASSICS.ENG,0.4833333333333334,0.35000000000000003,0.38333333333333336
1985,Rambo Acorralado II (1985)1080p-Dual-momos-[.HDG].ENG,0.7333333333333334,0.6333333333333333,0.5333333333333333
1983,Risky.Business.1983.PROPER.1080p.BluRay.x264-TFiN.ENG,0.08571428571428573,0.04285714285714286,0.24285714285714288
1999,Runaway Bride (1999) [BluRay] [1080p] [YTS.AM].eng,0.3272727272727272,0.35454545454545455,0.33636363636363636
1992,Under.Siege.1992.1080p.Bluray.x264-Q.ENG,-0.18571428571428572,-0.14285714285714285,-0.07142857142857147
1980,Kramer.vs.Kramer.BluRay.1080p.DTS.x264.dxva-EuReKA.ENG,0.225,0.125,0.037500000000000006
2016,Rogue.One.2016.720p.BluRay.x264-SPARKS,0.611111111111111,0.5333333333333333,0.6000000000000001
1995,Batman. Forever. 1995. 1080p. BluRay. x264-CULTHD. ENG,0.21428571428571427,0.08571428571428573,0.07142857142857142
2014,Captain.America.The.Winter.Soldier.2014.720p.BluRay.x264-SPARKS,0.35555555555555546,0.3111111111111111,0.34444444444444444
1991,Terminator.2.Judgement.Day.Directors.Cut.1991.1080p.HDDVD.DTS.x264-hV.ENG,0.5166666666666666,0.4000000000000001,0.4666666666666666
1987,Beverly.Hills.Cop.II.1987.720p.BluRay.x264.DTS-WiKi.eng,0.125,-0.012499999999999983,0.11249999999999998
1980,Ordinary.People.1980.720p.WEB-DL.AAC2.0.H.264-BS.eng,0.2,0.15000000000000002,0.22499999999999998
1998,Theres.Something.About.Mary.1998.Extended.1080p.BluRay.x264.Codres.ENG,0.20999999999999996,0.06999999999999998,0.02
2019,Toy.Story.4.2019.720p.HDCAM-1XBET,0.5909090909090909,0.4636363636363636,0.4636363636363637
1985,Police.Academy.2.Their.First.Assignment.1985.720p.BluRay.FLAC.x264-CtrlHD,0.3,0.19999999999999998,0.25
2022,Minions.The.Rise.Of.Gru.2022.1080p.AMZN.WEB-DL.DDP5.1.H.264-CMRG,0.3666666666666667,0.25,0.45
2015,The.Hunger.Games.Mockingjay.Part.2.2015.720p.BluRay.x264-SPARKS,0.425,0.38749999999999996,0.2625
1994,Speed.1994.BluRay.1080p.DTS.x264.dxva-EuReKA.ENG,0.0714285714285714,0.05714285714285713,0.14285714285714285
2004,The.Day.After.Tomorrow.2004.1080p.BluRay.x264-MUVI.eng,0.5249999999999999,0.42499999999999993,0.375
1999,Star Wars Episode I The Phantom Menace eng,0.425,0.2875,0.48750000000000004
1984,Terms.of.Endearment.1983.720p.BluRay.X264-AMIABLE,0.27,0.12,0.05
2021,Venom.Let.There.Be.Carnage.2021.HDRip.XviD.AC3-EVO,-0.2,-0.22499999999999998,-0.2125
1992,waynes.world.1992.DVDRip.XviD.FBM.ENG,0.34285714285714286,0.32857142857142857,0.47142857142857153
2000,Gladiator.EXTENDED.EDITION.2000.BluRay.1080p.DTS.x264.dxva-EuReKA.ENG,0.4125,0.22499999999999998,0.21250000000000002
2000,X-Men ;[2000];[1080p];[Shadowl0rd].ENG,0.325,0.325,0.25
2022,Doctor.Strange.in.the.Multiverse.of.Madness.2022.1080p.WEB-DL.DDP5.1.Atmos.H.264,0.028571428571428564,0.08571428571428572,0.01428571428571429
1986,Back to School (1986).ENG,0.23333333333333328,0.08888888888888889,0.3333333333333333
1996,The.Birdcage.1996.720p.BluRay.X264-AMIABLE-HI,0.48999999999999994,0.43,0.27
1984,Beverly.Hills.Cop.1984.720p.BluRay.x264.DTS-WiKi.eng,0.08333333333333333,-0.016666666666666663,0.09999999999999999
2001,Jurassic.Park.III[2001]DvDrip-aXXo,0.32,0.2,0.31999999999999995
1987,The.Untouchables.1987.720p.BluRay.DTS.x264-ESiR.ENG,0.3333333333333333,0.18333333333333335,0.2333333333333333
1981,Endless.Love,0.3833333333333333,0.2833333333333334,0.09999999999999999
2005,Mr.And.Mrs.Smith.2005.1080p.BluRay.x264-TiMELORDS.ENG,0.25,0.16666666666666666,0.19999999999999998
2014,The.Lego.Movie.2014.BluRay.720p.x264.DTS-HDWinG,0.4727272727272727,0.3727272727272728,0.509090909090909
1988,Cocktail Eng,0.08571428571428573,-0.1142857142857143,0.1142857142857143
1984,Star Trek 03 Search For Spock 1984 1280x544.eng,0.6142857142857142,0.48571428571428565,0.4428571428571428
2015,Inside.Out.2015.1080p.WEB-DL.AAC2.0.H264-RARBG,0.1,0.15000000000000002,0.05
2008,Wall-E[2008]DvDrip-aXXo.en,0.72,0.6,0.6799999999999999
1977,The Turning Point 1977 720p BRRip x264-PLAYNOW,0.21428571428571427,0.1285714285714286,0.14285714285714285
2001,Planet.of.the.Apes.2001.BluRay.720p.x264.DTS-MySiLU.eng,0.21999999999999997,0.15999999999999998,0.16
1993,Few Good Men (1992).DVD.NonHI.pcc.en.CLMB,-0.12352941176470586,-0.07058823529411763,-0.1
2023,Ant.Man.And.The.Wasp.Quantumania.2023.1080p.WEB-DL.DDP5.1.Atmos.H.264-CMRG,0.30000000000000004,0.26666666666666666,0.2777777777777778
1995,Casper.1995.720p.BluRay.X264-AMIABLE,0.3833333333333333,0.2833333333333333,0.19999999999999996
2010,dmd-ts3,0.2571428571428571,0.1857142857142857,0.1142857142857143
1998,Saving.Private.Ryan.720p.HDTV.Premiere.DTS.x264-ESiR,0.27,0.23000000000000004,0.11000000000000001
2009,The.Blind.Side.2009.720p.BluRay.x264.YIFY.eng,0.71,0.6199999999999999,0.5399999999999999
1986,Star Trek 04 Voyage Home 1986 1280x544.eng,0.6625,0.5874999999999999,0.6625
1985,Rocky IV,0.5833333333333334,0.4666666666666666,0.65
2015,Cinderella. 2015. 720p. BluRay. x264-SPARKS,0.47777777777777775,0.35555555555555557,0.3888888888888889
1982,Poltergeist.1982.1080p.BluRay.x264-iKA.ENG,0.25,0.16666666666666666,0.05000000000000001
2006,X-Men.The.Last.Stand.PROPER.DVDRip.XviD-DoNEINGLES,0.22000000000000003,0.2,-0.039999999999999994
1986,The. Karate. Kid. Part. II. 1986. 1080p. BluRay. x264-LCHD. ENG,0.6666666666666666,0.5499999999999999,0.48333333333333334
1999,The.Sixth.Sense.1999.REMASTERED.720p.BluRay.x264-iLLUSiON,0.48,0.38,0.27999999999999997
1983,Staying.Alive.1983.DVDRip.XviD.AR - ENG,0.2,0.05,0.15
1987,The.Witches.Of.Eastwick.1987.1080p.Bluray.X264-BRMP.ENG,-0.057142857142857155,-0.07142857142857141,-0.17142857142857146
1999,Toy.Story.2.1999.DVDRip.XviD-ShitBusters,0.4428571428571428,0.39999999999999997,0.5142857142857143
1978,Jaws.2.ENG.25FPS,0.25,0.16666666666666666,0.08333333333333333
2012,Brave.2012.720p.BluRay.x264.AC3-HDChina,0.4,0.4,0.25999999999999995
2018,Avengers Infinity War 2018 NEW PROPER HD-CAM 720p Hindi + English X264 CPG - KatmovieHD.Ney,0.2,0.1,0.15
1989,Batman.1989.720p.BluRay.x264-SiNNERS.ENG,0.0,-0.20000000000000004,-0.25
1990,Total.Recall.1990.BluRay.1080p.x264.DTS.dxva-xander.ENG,0.25,0.11666666666666665,0.3333333333333333
2008,devise-twilight.en,0.3222222222222222,0.1888888888888889,0.23333333333333328
1983,Flashdance.[Flashdance].1983.DVDRip.XviD.telumethar.eDonkers.cd1.ENG,0.2333333333333333,0.19999999999999998,0.23333333333333336
1994,Interview.with.the.Vampire.2008.720p.BluRay.x264-ESiR.ENG,-0.4571428571428572,-0.4714285714285714,-0.39999999999999997
2005,Batman.Begins.2005.1080p.HDDVD.x264-hV.ENG,0.2375,0.1375,0.17500000000000002
2011,Rise.of.the.Planet.of.the.Apes.2011.BluRay.1080p.DTS.x264-CHD,0.74,0.64,0.7200000000000001
1992,Aladdin.1992.1080p.BluRay.X264-AMIABLE,0.5249999999999999,0.475,0.6000000000000001
2010,nedivx-shrek4.en,0.0,0.09999999999999999,-0.09999999999999999
1985,Back.To.The.Future.1985.720p.BluRay.x264.DTS-WiKi.eng,0.4222222222222222,0.27777777777777773,0.4444444444444444
2023,Guardians.of.the.Galaxy.Vol.3.2023.1080p.WEB-DL.DDP5.1.Atmos.H.264-CMRG (v2),0.2222222222222222,0.15555555555555556,0.044444444444444446
1977,Star.Wars.Episode.IV.A.New.Hope.(1977).DVDRip.XviD-UnSeeN,0.6,0.44999999999999996,0.5875
2013,Monsters University,0.3111111111111111,0.30000000000000004,0.47777777777777775
1986,Out.Of.Africa.1985.REMASTERED.720p.BluRay.DTS.x264-PublicHD,0.4625,0.3375,0.3
2013,Fast.And.Furious.6.2013.1080p.WEB-DL.H264-BLUEBIRD,0.4222222222222222,0.34444444444444444,0.43333333333333335
1987,Platoon 1986 H264 Special Edition DVDRip,-0.15714285714285717,-0.2571428571428572,-0.31428571428571417
2004,The.Bourne.Supremacy.2004.720p.BluRay.DTS.x264-ESiR,0.06000000000000002,5.551115123125783e-18,-0.13999999999999999
2009,Ice.Age.3 .R5.LINE.XviD-COALiTiON (Edited),0.3333333333333333,0.23333333333333336,0.4333333333333333
1984,Ghostbusters.1984.SE.DVDRip.XviD-UnSeeN.en,0.4714285714285714,0.3285714285714286,0.48571428571428565
1980,Any.Which.Way.You.Can.1980.XViD.5.1.AC3-ShitBusters.ENG,0.38,0.26,0.2
2020,Jumanji.The.Next.Level.2019.HC.720p.HDRip.800MB.x264-GalaxyRG,0.38,0.3,0.26
2012,The.Twilight.Saga.Breaking.Dawn.Part.2.2012.NEW.TS.XviD.AC3-ADTRG,0.6599999999999999,0.5399999999999999,0.5
2016,Deadpool,0.03333333333333334,-0.03333333333333335,0.06666666666666667
2022,Thor.Love.and.Thunder.2022.1080p.WEB-DL.DDP5.1.Atmos.H.264-EVO,0.17777777777777776,0.26666666666666666,0.15555555555555556
2015,Jurassic World,0.028571428571428574,-0.08571428571428573,-0.09999999999999999
2013,Man.Of.Steel.2013.720p.BluRay.x264-Felony,0.6125,0.49999999999999994,0.5375
1992,The Hand That Rocks the Cradle [1992],0.3,0.19999999999999996,0.15000000000000002
1999,The.Mummy.1999.Blu-ray.720p.x264.DTS-CHD.ENG,0.3,0.26666666666666666,0.39999999999999997
2009,Monsters Vs Aliens[2009]DvDrip-aXXo,0.5499999999999999,0.48333333333333334,0.5833333333333334
2000,The.Perfect.Storm.2000.720p.BluRay.DDEX.x264-ESiR.ENG,0.19999999999999998,0.1285714285714286,0.1142857142857143
2014,Big.Hero.6.2014.720p.BluRay.x264-SPARKS,0.5125,0.44999999999999996,0.6125
1977,The.exorcist.II.-.the.heretic.[shareprovider.com],0.13999999999999999,0.12,-0.02
2007,300.eng,-0.2833333333333333,-0.11666666666666665,-0.0833333333333333
1986,Crocodile.Dundee.1986.720p.BluRay.X264-AMIABLE,0.5499999999999999,0.45,0.5
1988,Moonstruck.1987.DVDRip.XviD-Shoo.ENG,0.4142857142857142,0.32857142857142857,0.17142857142857143
1983,Octopussy.1983.DVD5.720p.HDTV.x264-NBS.eng,0.3,0.16,0.32
2008,Madagascar-Escape.2.Africa[2008]DvDrip-aXXo.en,0.425,0.3125,0.38749999999999996
1996,Mission.Impossible.1996.720p.BluRay.DD.x264-ESiR.ENG,0.275,0.15000000000000002,0.27499999999999997
2002,Men.In.Black.II.2002.1080p.Blu-ray.AVC.DTS-HD.MA.5,0.41666666666666674,0.3333333333333333,0.4166666666666666
1980,Stir Crazy,0.39999999999999997,0.3833333333333333,0.4666666666666666
2008,Horton Hears a Who![2008]DvDrip AC3[Eng]-FXG,0.8571428571428571,0.7857142857142857,0.7142857142857143
1984,Gremlins. 1984. 1080p. Bluray. X264-DIMENSION. ENG,0.19999999999999998,0.03333333333333334,0.16666666666666666
2014,The.Hunger.Games.Mockingjay.Part.1.2014.720p.BluRay.x264-SPARKS,0.6,0.5714285714285714,0.5
1992,Basic.Instinct.1992.720p.HDDVD.x264-ESiR,-0.07142857142857142,-0.2285714285714286,-0.2
2021,F9. The. Fast. Saga. 2021. THEATRICAL. 1080p. BluRay. x264-RUSTED,0.0888888888888889,0.011111111111111108,0.18888888888888888
2018,Jurassic World Fallen Kingdom (2018) 720p English HDCAM-Rip - x264 - MP3 750MB,0.0,-0.08333333333333336,-0.01666666666666668
1996,A.Time.To.Kill.1996.1080p.BluRay.x264-VOA,0.30833333333333335,0.31666666666666665,0.20833333333333334
1989,Honey.I.Shrunk.The.Kids.1989.DVDRip.XviD.ENG,0.2333333333333333,0.13333333333333333,0.15
2014,Maleficent.2014.720p.BluRay.x264-SPARKS,0.07499999999999997,0.024999999999999994,-0.04999999999999999
1989,Parenthood (1989),0.2799999999999999,0.25999999999999995,0.15
2007,POTC 3 - At Worlds End (2007) 720p BluRay AC3 x264 - AdiT.english,0.2111111111111111,0.2,0.26666666666666666
2010,timpe-inception,0.2222222222222222,0.14444444444444446,0.20000000000000004
2011,Transformers.Dark.Of.The.Moon.2011.BluRay.720p.DTS.x264-CHD.eng,0.20000000000000004,-0.01666666666666666,0.13333333333333333
2007,Ratatouille.2007.720p.BluRay.DTS.x264-ESiR.ENG,0.4,0.26249999999999996,0.3375
2017,The.Fate.of.the.Furious.2017.720p.BluRay.x264-SPARKS,0.2222222222222222,0.1222222222222222,0.3111111111111111
2023,Oppenheimer,0.1857142857142857,0.1476190476190476,0.19999999999999996
2021,Eternals.2021.1080p.WEB-DL.DDP5.1.H.264-EVO.v2,0.4333333333333333,0.37777777777777777,0.2888888888888889
1999,[HDteam] Austin.Powers.La.Espia.que.me.Achucho.1999.[1080p].[BluRay].[x264].[Dual].[Subs]-by Ruben,0.33749999999999997,0.22499999999999998,0.3375
1981,History.Of.The.World.Part.I.1981.1080p.BluRay.x264-CiNEFiLE.ENG,0.15,0.06666666666666667,0.16666666666666666
2002,[TLOTR]The.Two.Towers.CD1[2002][Special.Extended.Edition]DvDrip[Eng]-aXXo,0.3,0.13333333333333333,0.06666666666666667
1994,True.Lies.1994.720p.DTheater.DD5.1.x264-EbP,0.19,0.04,0.19
1997,George Of The Jungle (1997).en,0.4571428571428572,0.35714285714285715,0.48571428571428577
1977,Saturday.Night.Fever.1977.720p.BluRay.x264-CiNEFiLE.ENG,-0.12222222222222223,-0.37777777777777777,-0.23333333333333334
1981,For.Your.Eyes.Only.1981.REAL.REPACK.1080p.BluRay.x264-RoCKRioT.ENG,0.36,0.22000000000000003,0.38
2003,Terminator.3.2003.720p.HDDVD.x264-ESiR.ENG,0.39999999999999997,0.3,0.12000000000000002
2018,The.Grinch.2018.1080p.WEB-DL.X264.DD5.1-SeeHD,0.12499999999999997,0.1375,0.08750000000000002
1989,Dead Poets Society 1989 ENG 25fps SDH utf-8,0.63,0.5399999999999999,0.68
1994,Clear.And.Present.Danger.1994.1080p.HDDVD.x264-hV.ENG,0.04285714285714283,-0.028571428571428564,0.05714285714285715
1997,Men.In.Black.1997.1080p.Blu-ray.AVC.DTS-HD.MA.5.1-CHDBits.english,0.36666666666666664,0.3666666666666667,0.4333333333333333
2022,Jurassic World  Dominion,0.35,0.27999999999999997,0.32999999999999996
1980,SW.Episode.5.The.Empire.Strikes.Back.1980.BluRay.1080p.DTSES6.1.x264-CHD.eng,0.22857142857142856,0.12857142857142856,0.1857142857142857
1989,Look Who Is Talking Eng,0.31999999999999995,0.25999999999999995,0.27999999999999997
2009,Up.2009.480p.BRRip.XviD.AC3-ViSiON,0.21666666666666667,0.18333333333333335,0.15
1993,Mrs.Doubtfire.1993.720p.BluRay.x264-SiNNERS,0.4888888888888888,0.3777777777777778,0.36666666666666664
2007,The.Simpsons.Movie[2007]DvDrip.AC3[Eng]-aXXo,0.3,0.2333333333333333,0.15000000000000002
1996,Ransom EN,-0.16666666666666666,-0.25555555555555554,-0.30000000000000004
1997,Liar Liar,-0.028571428571428574,1.1895246692412391e-17,-0.028571428571428574
1991,Dances.With.Wolves.1990.Directors.Cut.BRRip.XviD.AC3-FLAWL3SS.fixed,0.7625,0.6624999999999999,0.575
1987,The.Secret.of.My.Success.1987.720p.BluRay.X264-AMIABLE,0.325,0.25,0.4375
2000,Erin Brokovich.2000.BluRay.1080p.x264-HQF.ENG,0.7555555555555555,0.6555555555555554,0.6333333333333333
1990,The.Hunt.For.Red.October.1990.720p.HDDVD.x264-SiNNERS.ENG,0.5714285714285714,0.4428571428571429,0.5428571428571429
1990,Driving Miss Daisy,0.5333333333333333,0.39999999999999997,0.3333333333333333
1983,Tootsie,0.6,0.5499999999999999,0.44000000000000006
1988,Coming.To.America.1988.1080p.BluRay.x264-Japhson.ENG,0.65,0.5666666666666668,0.45
2012,The.Dark.Knight.Rises.2012.720p.BluRay.x264-SPARKS,0.09,0.019999999999999997,-0.13999999999999999
2007,Tranformers.2007.1080p.BluRay.DTS.x264-ESiR.ENG,0.33636363636363636,0.22727272727272727,0.38181818181818183
1981,the cannonball run eng bluray,0.4125,0.26249999999999996,0.4625
2002,Star.Wars.Episode.II.Attack.of.the.Clones.(2002).DVDRip.XviD-UnSeeN,0.09999999999999999,0.042857142857142864,0.1571428571428571
2021,Spider-Man No Way Home.2022.1080p.Bluray.DTS-HD.MA.5.1.X264-EVO,0.2769230769230769,0.22307692307692306,0.2692307692307693
2002,A.Beautiful.Mind.2001.BluRay.720p.DTS.x264-CHD.eng,0.18888888888888886,0.14444444444444443,0.1888888888888889
2012,MSAR. EN2,0.557142857142857,0.4571428571428572,0.6285714285714287
2000,Meet.the.Parents.2000.HD-DVD-Rip.x264.1080p.DTS-de[42].ENG,0.2222222222222222,0.08888888888888889,0.022222222222222223
2005,Star.Wars.Episode.III.Revenge.of.the.Sith.(2005).DVDRip.XviD-UnSeeN,-0.2,-0.2571428571428572,-0.2857142857142857
1997,Face.Off.1997.1080p.BD9.OXiDE.ENG,0.21666666666666667,-9.25185853854297e-18,0.049999999999999996
2015,Minions.2015.720p.BluRay.x264-GECKOS,0.2333333333333333,0.08333333333333333,0.26666666666666666
1978,Superman.1978.Special.Edition.720p.BluRay.x264.DTS-WiKi.eng,0.575,0.4125,0.4
2003,X2 X-Men United 2003 Dvdrip Xvid Ac3.5.1Ch Cd1-Waf,0.06666666666666667,0.09999999999999999,0.03333333333333333
2008,Indiana.Jones.And.The.Kingdom.Of.The.Crystal.Skull[2008]DvDrip-aXXo.en,0.2333333333333333,0.18333333333333335,0.3499999999999999
1994,The.Mask.1994.BluRay.1080p.DTS.x264.dxva-EuReKA.ENG,0.5499999999999999,0.4166666666666667,0.5499999999999999
1986,Aliens.1986.Special.Edition.720p.BluRay.x264.DTS-WiKi.EN,0.3111111111111111,0.23333333333333334,0.2222222222222222
1986,Ruthless.People.1986.German.DL.720p.HDTV.DD5.1.x264.eng,-0.0142857142857143,-0.14285714285714282,-0.1
2004,Shark Tale.en,0.3714285714285714,0.24285714285714288,0.35714285714285715
2017,Thor.Ragnarok.2017.720p.WEB-DL.H264.AC3-EVO,0.2111111111111111,0.1,0.2
2017,Logan,-0.06666666666666668,-0.08888888888888888,-0.3222222222222222
1987,Fatal Attraction 1987 1080p BluRay Remux AVC TrueHD 5. 1 COMM-KESH. EN 23. 976,-0.35714285714285715,-0.3714285714285714,-0.3
2005,War.of.the.Worlds.2005.mHD.Bluray.DD5.1.x264-EPiK.eng,-0.08571428571428573,-0.042857142857142864,-0.2
1987,Predator.1987.DVDRip.XviD.ShitBusters.ENG,-0.20000000000000004,-0.16666666666666666,-0.3333333333333333
1983,Mr. Mom. 1983. DVDRip. x264-NoRBiT,0.29999999999999993,0.2571428571428572,0.24285714285714288
2019,Aladdin.2019.720p.WEB-DL.x264.AAC-BonsaiHD,0.47500000000000003,0.31666666666666665,0.5
1995,Apollo.13.1995.DVDRip.Xvid.AC3-GoRDo.ENG,0.6363636363636364,0.5454545454545454,0.6818181818181818
2008,TheDarkKnight 2008 DVD-NikonXp.EN,0.07500000000000001,-0.041666666666666664,-0.15
2000,What.Lies.Beneath.2000.720p.WEB-DL.DD5.1.H.264-ViGi,-0.13333333333333333,-0.19999999999999998,-0.26666666666666666
1979,Star Trek - The Motion Picture,0.5,0.37142857142857144,0.4714285714285714
1985,Beverly. Hills. Cop. 1984. 720p. BluRay. x264. DTS-WiKi. eng,0.08333333333333333,-0.016666666666666663,0.09999999999999999
1991,City.Slickers.1991.1080p.X264.BluRay.X264-AMIABLE,0.3111111111111111,0.2222222222222222,0.19999999999999998
2019,Frozen.II.2019.DVDScr.XVID.AC3.HQ.Hive-CM8,0.6666666666666666,0.5888888888888889,0.6222222222222222
1981,The.Great.Muppet.Caper.1981.AE.DVDRip.XviD-Shoo.ENG,0.375,0.2875,0.39999999999999997
2023,Spider Man Across the Spider Verse 2023 1080p V3 NEW No Chew Edition HDTS Video X264 Will1869,0.22666666666666668,0.2333333333333333,0.22666666666666666
2005,The.Chronicles.Of.Narnia.2005.BluRay.1080p.DTS.x264.dxva-EuReKA.ENG,0.5285714285714286,0.3714285714285714,0.38571428571428573
1985,Cocoon.1985.1080p.BluRay.x264-CiNEFiLE.ENG,0.7428571428571429,0.6428571428571429,0.6428571428571429
2007,Shrek.the.Third.(2007).DVDRip.AC3.XviD-UnSeeN,0.37142857142857144,0.35714285714285715,0.24285714285714288
1989,Rain Man (1988).eng,0.2636363636363636,0.09999999999999999,0.03636363636363636
2014,Dawn.of.the.Planet.of.the.Apes.2014.1080p.BluRay.x264-SPARKS,0.16,0.08,-0.1
1993,Cliffhanger.1993.Blu-ray.720p.x264.DTS-CHD.ENG,0.08333333333333333,-0.03333333333333335,0.0
2006,Superman.Returns.2006.1080p.BluRay.x264-HANGOVER.ENG,-1.850371707708594e-17,-0.06666666666666665,0.03333333333333335
1978,Every.Which.Way.But.Loose.1978.1080p.BluRay.x264-aAF.ENG,0.08333333333333336,-0.049999999999999996,-0.049999999999999996
1983,WarGames.1983.1080p.BluRay.H264.AAC-RARBG.Hi,0.14444444444444443,0.16666666666666666,0.1888888888888889
1990,Pretty.Woman.1990.720p.BluRay.x264-AVS720.eng,0.3777777777777778,0.20000000000000004,0.24444444444444446
2006,Over.The.Hedge[2006]DvDrip.AC3[Eng]-aXXo,0.4,0.32499999999999996,0.42500000000000004
2007,I.Am.Legend[2007]DvDrip[Eng]-aXXo.en,0.2,0.1,-0.1
1990,back.to.the.future.part.3.1990.720p.bluray.x264-nezu.eng,0.5428571428571428,0.48571428571428577,0.5857142857142856
2015,Furious.Seven.2015.EXTENDED.720p.BluRay.x264-SPARKS,0.5777777777777778,0.5,0.5777777777777777
1996,The.Rock.1996.CRiTERiON.DVDRip.XviD.AC3-UnSeeN,0.08888888888888889,-0.022222222222222223,0.033333333333333326
1978,Grease,0.12222222222222223,0.02222222222222222,0.2222222222222222
1977,The.Spy.Who.Loved.Me.1977.DVD5.720p.HDTV.x264-NBS.eng,0.32,0.18000000000000002,0.3
2005,Madagascar[2005]DvDrip-aXXo.en,0.17142857142857146,0.14285714285714285,0.17142857142857143
2002,Harry.Potter.and.the.Chamber.of.Secrets.2002.720p.HDDVD.DTS.x264-ESiR.ENG,0.21111111111111114,0.16666666666666666,0.13333333333333336
1992,Sister Act (1992)(includes lyrics),0.55,0.51,0.51
2007,Harry.Potter.and.the.Order.of.the.Phoenix.2007.720p.BluRay.DTS.x264-ESiR.ENG,0.44999999999999996,0.35,0.22499999999999998
1991,Teenage Mutant Ninja Turtles 2,0.21666666666666667,0.21666666666666665,0.3833333333333333
2006,Pirates.of.the.Caribbean.Dead.Mans.Chest.2006.DIRFIX.DVD9.720p.BluRay.x264-REVEiLLE.eng,0.26249999999999996,0.15000000000000002,0.22499999999999998
2021,Shang-Chi. And. The. Legend. Of. The. Ten. Rings. 2021. 1080p. BluRay. x264-VETO,0.1625,0.14999999999999997,0.23750000000000002
2013,Star.Trek.Into.Darkness.2013.BluRay.720p.x264-HDWinG,0.43,0.3,0.43000000000000005
2010,despicable.me.dvdrip.xvid-imbt.en,0.18333333333333335,0.033333333333333326,0.13333333333333333
2003,Bad.Boys.II.2003.720p.BluRay.X264-AMIABLE,-0.04545454545454548,-0.22727272727272727,-0.1
2008,Hancock.720p.BluRay.x264-REFiNED.ENG,0.35714285714285715,0.17142857142857143,0.2285714285714286
2001,Pearl.Harbor.2001.DVD9.720p.BluRay.x264-hV,0.38571428571428573,0.2571428571428572,0.4214285714285714
2019,Captain Marvel (2019).[720p HQ DVDScr - HQ Line Audios - [Hindi + Eng] - x264 - 950MB],0.7142857142857143,0.6142857142857142,0.7428571428571428
2017,Guardians.of.the.Galaxy.Vol.2.2017.720p.BluRay.x264-SPARKS,0.16,0.12000000000000002,0.2
2020,The.Invisible.Man.2020.HDRip.XviD.AC3-EVO,-0.2833333333333334,-0.21666666666666665,-0.18333333333333332
2020,The Call of the Wild.2020.HDRip.XviD.AC3-EVO,0.25999999999999995,0.16,0.3
2021,Free.Guy.2021.BDRip.XviD.AC3-EVO.v2,0.7,0.5818181818181819,0.6727272727272727
2004,H.P.3-Prisoner.Of.Azkaban[2004]DvDrip-aXXo,0.375,0.22499999999999998,0.24999999999999997
2021,No.Time.to.Die.1080p.AMZN.WEB-DL.DDP5.1.H.264-CMRG,0.13,0.009999999999999998,-0.019999999999999997
2012,The.Hunger.Games.2012.720p.BluRay.x264.DTS-HDChina.eng,0.42857142857142855,0.31428571428571433,0.21428571428571433
1990,Die.Hard.2.1990.1080p.BluRay.x264-WPi.ENG,-0.08333333333333336,-0.1583333333333333,-0.12500000000000003
2016,Captain.America.Civil.War.2016.720p.BluRay.X264-AMIABLE,0.15454545454545454,0.18181818181818182,0.07272727272727274
1987,Stakeout (ENG),-0.14285714285714288,-0.17142857142857143,-0.21428571428571427
2011,Fast.Five.2011.720p.BluRay.x264.DTS-WiKi.eng,0.6428571428571429,0.5428571428571428,0.6857142857142857
2015,The.Martian.2015.720p.BluRay.x264-SPARKS,0.675,0.55,0.775
1992,Batman.Returns.1992.1080p.BluRay.x264-CiNEFiLE.ENG,-0.1666666666666667,-0.3,-0.2833333333333334
2019,Joker.2019.720p.HC.HDRip.XviD.AC3-EVO,-0.2285714285714286,-0.35714285714285715,-0.42857142857142855
2011,The. Hangover. Part. II. 2011. 720p. BrRip. x264. YIFY,0.07777777777777778,6.1679056923619804e-18,0.033333333333333326
1998,Deep Impact (1998),0.35,0.25,0.18
1995,Waterworld.en,0.19999999999999998,-0.10000000000000005,-0.12857142857142856
1992,Home Alone 2  Lost in New York,0.45,0.3499999999999999,0.3666666666666667
2013,Oz.the.Great.and.Powerful.2013.720p.BluRay.x264-SPARKS,0.25999999999999995,0.24,0.36
1979,meatballs.1979.720p.bluray.x264-psychd-eng,0.19999999999999998,0.042857142857142864,0.028571428571428574
1981,The Four Seasons (1981) aw,0.16153846153846155,0.030769230769230764,-0.038461538461538464
2000,Dinosaur.2000.PROPER.1080p.BluRay.x264-Japhson,0.3666666666666667,0.26666666666666666,0.26666666666666666
2010,Iron.Man.2.(2010).BDRip.AC3.XviD-CaLLiOpeD,0.2,0.1,0.2777777777777778
1997,My.Best.Friends.Wedding.1997.BDRip.X264-TLF,0.2857142857142857,0.21428571428571427,0.05714285714285715
1979,The.Amityville.Horror.1979.Blu-ray.Re.x264.1080p.DTS-HDS.ENG,0.12000000000000002,0.06000000000000001,-0.18
2017,Star.Wars.The.Last.Jedi.2017.720p.BluRay.x264-SPARKS,0.30000000000000004,0.24444444444444446,0.08888888888888889
1988,Who.Framed.Roger.Rabbit.1988.720p.BluRay.x264-HD4U,0.3714285714285714,0.3,0.2714285714285714
1983,National.Lampoons.Vacation.1983.720p.BluRay.DD1.0.x264-CtrlHD,0.11250000000000002,-0.024999999999999994,-0.0875
2021,Ghostbusters.Afterlife.2021.1080p.AMZN.WEB-DL.DDP5.1.H.264-EVO,0.475,0.4,0.525
2018,Ant Man and the Wasp 2018 New HDCAM-X264-Sexxy,0.5,0.4,0.575
2011,POTC 4 - On Stranger Tides (2011) 720p BluRay AC3 x264 - AdiT.english,0.14285714285714285,0.0,0.08571428571428572
1998,Godzilla,0.1285714285714286,0.028571428571428577,0.18571428571428572
2009,The.Hangover.DVDRip.XviD-DoNE,0.15555555555555556,0.03333333333333334,0.15555555555555556
2015,Avengers.Age.of.Ultron.2015.720p.BluRay.x264-SPARKS,0.24545454545454548,0.15454545454545457,0.14545454545454545
2020,Bad.Boys.for.Life.2020.1080p.HDRip.X264.AC3-EVO,0.23000000000000004,0.14,0.19000000000000003
1986,Top Gun,0.3,0.18,0.36
2022,The.Batman.2022.HDRip.850MB.c1nem4.x264-SUNSCREEN,-0.19999999999999993,-0.19999999999999998,-0.23636363636363633
1985,Fletch.1985.1080p.BluRay.x264-Japhson.ENG,0.3888888888888889,0.3111111111111111,0.3777777777777777
2001,Harry.Potter.and.the.Philosophers.Stone.2001.720p.HDDVD.DTS.x264-ESiR.ENG,0.37142857142857144,0.2714285714285714,0.3
2011,The.Twilight.Saga.Breaking.Dawn.Part.1.2011.720p.BluRay.x264-SPARKS English,0.49999999999999994,0.36249999999999993,0.2875
2019,Avengers Endgame 2019 NEW 720p HDCAM x264-iMaX,0.45,0.33999999999999997,0.44000000000000006
1982,Indiana.Jones.And.The.Raiders.Of.The.Lost.Ark.(1981).DVDrip.Xvid-DEiTY,0.44999999999999996,0.31666666666666665,0.3833333333333333
2004,The.Polar.Express.2004.BluRay.1080p.DTS.x264.dxva-EuReKA.ENG,0.72,0.62,0.78
2004,Shrek.2.2004.720p.BluRay.x264-MELiTE.eng,0.2,0.11428571428571428,0.09999999999999999
1984,Footloose dvd rip[eng]XviD.Rets.en,0.4428571428571428,0.39999999999999997,0.4714285714285714
1996,101 dalmatians-en,0.36,0.16,0.08000000000000002
1979,The.Jerk.1979.1080p.HDDVD.x264-FSiHD.ENG HI,0.37,0.29999999999999993,0.41
1995,Toy Story,0.5,0.4142857142857142,0.38571428571428573
2016,Finding.Dory.2016.720p.BluRay.X264-AMIABLE,0.6222222222222222,0.5333333333333332,0.5666666666666668
2008,Iron.Man[2008]DvDrip-aXXo.en,0.5499999999999999,0.45,0.6
1982,An.Officer.and.a.Gentleman.1982.720p.BluRay.X264-AMIABLE,0.19999999999999998,-0.07142857142857142,-0.04285714285714286
2013,Frozen.2013.720p.BluRay.x264-SPARKS,0.42000000000000004,0.33999999999999997,0.4600000000000001
2018,Deadpool 2,0.3272727272727273,0.23636363636363633,0.33636363636363636
1986,Ferris.Buellers.Day.Off.1986.1080p.BluRay.x264-CiNEFiLE.ENG,0.5571428571428572,0.42857142857142855,0.6571428571428571
2004,The.Incredibles.2004.720p.BluRay.X264-AMIABLE.eng,0.3,0.18749999999999997,0.275
1998,Good.Will.Hunting.1997.BluRay.1080p.DTS.h264.REMUX.dxva-EuReKA.ENG,0.37,0.27999999999999997,0.12000000000000002
2011,Cars.2.720p.BluRay.x264.REPACK-METiS.eng,0.3111111111111111,0.17777777777777776,0.25555555555555554
1982,The Best Little Whorehouse In Texas - 1982,0.15555555555555556,0.1111111111111111,3.0839528461809902e-18
1986,The Color Purple DVDrip aviM720 DVD1 en,0.35,0.125,0.15
1982,E.T.The.Extra-Terrestrial.1982.720p.BluRay.X264-AMIABLE,0.8,0.7,0.7
1985,The.Goonies.1985.720p.BluRay.DTS.x264-ESiR.ENG,0.4375,0.38749999999999996,0.39999999999999997
1992,A LEAGUE OF THEIR OWN [1992][MP3][DVDRIP-M333]-FLAWL3SS,0.5399999999999999,0.5199999999999999,0.47000000000000003
2001,Monsters.Inc.2001.BluRay.1080p.DTS.x264.dxva-EuReKA.ENG,0.3666666666666667,0.26666666666666666,0.4166666666666667
2003,TLOTR.The.Return.of.the.King.2003.Extended.BluRay.1080p.DTSES6.1.x264-CHD.eng,0.39999999999999997,0.3,0.21818181818181817
1982,Star Trek 02 Wrath Of Khan 1982 1280x528.eng,0.23333333333333328,0.15555555555555556,0.26666666666666666
1989,Ghostbusters.II.1989.720p.BluRay.X264-AMIABLE-HI,0.4,0.29000000000000004,0.36
1999,big. daddy. 1999. 720p. bluray. x264-amiable. EN,0.4333333333333333,0.3222222222222222,0.30000000000000004
1980,The.Blues.Brothers.1980.EXTENDED.720p.BluRay.X264-AMIABLE,0.4666666666666667,0.38888888888888884,0.3777777777777777
1990,Dick.Tracy.1990.DVDRip.INTERNAL.XviD-VH-PROD,-0.11249999999999999,-0.2375,-0.02500000000000001
2000,How.the.Grinch.Stole.Christmas.2000.REMASTERED.720p.BluRay.X264-AMIABLE,0.2571428571428572,0.19999999999999998,0.08571428571428572
2003,The.Matrix.Reloaded.2003.720p.HDDVD.DTS.x264-ESiR.ENG,0.2571428571428571,0.14285714285714285,0.21428571428571427
1994,The.Lion.King.1994.720p.BluRay.DD5.1.x264-DON,0.18571428571428572,-0.014285714285714282,-0.0142857142857143
2013,Iron.Man.3.2013.720p.BluRay.x264-SPARKS,0.09090909090909091,0.01818181818181818,0.07272727272727272
2018,Black.Panther.2018.720p.BluRay.x264-SPARKS,0.04444444444444443,0.055555555555555566,0.05555555555555555
1996,The.Nutty.Professor.1996.720p.DVD5.HDDVD.x264-hV.English,0.05833333333333332,-0.041666666666666664,0.10833333333333334
1980,Nine to Five,0.15714285714285717,0.1571428571428571,0.17142857142857146
2020,1917,0.33999999999999997,0.24,0.02
1997,Titanic.1997.720p.BluRay.X264-AMIABLE,0.44999999999999996,0.35833333333333334,0.3
1995,Pocahontas.1995.720p.BluRay.x264.DTS-WiKi.eng,0.39999999999999997,0.26666666666666666,0.26666666666666666
2014,X-Men.Days.of.Future.Past.2014.720p.BluRay.X264-AMIABLE,0.22499999999999998,0.2,0.15000000000000002
1990,Ghost,0.21249999999999997,0.1625,0.1
1981,Superman.II.The.Richard.Donner.Cut.1980.720p.BluRay.x264.DTS-WiKi.eng,0.2571428571428572,0.12857142857142856,0.04285714285714284
1993,Jurassic.Park.TUC.1993.DVDRip.XviD.Subs.EN-UnSeeN,0.17142857142857143,0.15714285714285717,0.2
2008,Kung.Fu.Panda[2008]DvDrip-aXXo.en,0.3666666666666667,0.26666666666666666,0.3833333333333333
2019,Spider-Man.Far.From.Home.2019.V3.1080p.NEW.HDTC.H264.AC3.ADDS.CUT.BLURRED.Will1869,0.06000000000000001,-0.020000000000000004,0.049999999999999996
1977,Close.Encounters.of.the.Third.Kind.Collectors.Edition.1977.720p.BluRay.DTS.x264-ESiR.ENG,0.6333333333333333,0.4833333333333334,0.65
2009,The.Twilight.Saga.New.Moon.2009.Bluray.1080p.DTSMA.x264.dxva-FraMeSToR.ENG,0.32499999999999996,0.21250000000000002,0.1125
1993,The.Firm.1993.720p.BluRay.X264-AMIABLE,0.16999999999999998,-0.05000000000000001,0.11000000000000001
2005,Wedding.Crashers.2005.UNRATED.1080p.BluRay.x264-CiNEFiLE.ENG,0.11666666666666665,-0.05833333333333335,-0.1083333333333333
1995,Ace.Ventura.When.Nature.Calls.1995.720p.BluRay.X264-AMIABLE,0.3499999999999999,0.3333333333333333,0.38333333333333336
2017,Spider-Man.Homecoming.2017.720p.BluRay.x264-SPARKS,0.18,0.09,0.13999999999999999
2012,The.Avengers.2012.DVDRip.X264.AC3-NYDIC,0.13999999999999999,0.05,0.06000000000000001
1994,The.Santa.Clause.1994.DVDRip.XviD.iNTERNAL-iLs,0.6428571428571429,0.5285714285714286,0.4714285714285714
2022,Top.Gun.Maverick.2022.KORSUB.IMAX.1080p.WEBRip.AAC2.0.x264-SHITBOX,0.5444444444444444,0.37777777777777777,0.5777777777777778
2011,Thor,0.3428571428571428,0.21428571428571425,0.37142857142857144
1979,10,0.1571428571428571,-1.586032892321652e-17,-0.04285714285714286
2000,Scary Movie 1 iNT DvD RiP- WaCkOs,-0.22857142857142856,-0.38571428571428573,-0.2714285714285714
2014,Guardians.of.the.Galaxy.2014.DVDRip.X264.AC3.5.1-PLAYNOW,0.38749999999999996,0.2625,0.45
1995,Crimson.Tide.1995.1080p.Bluray.x264-FSiHD.ENG,0.125,0.012499999999999997,0.1125
2016,Suicide.Squad.2016.EXTENDED.720p.BluRay.x264-SPARKS,0.07777777777777778,-0.12222222222222223,0.011111111111111112
2002,Signs.2002.720p.BluRay.x264.DTS-HDChina.eng,0.23333333333333336,0.16666666666666666,0.13333333333333333
1993,Sleepless In Seattle (1993).DVD.NonHI.pcc.en.TRSTR,0.5083333333333333,0.425,0.3833333333333333
1984,Police.Academy.1984.720p.BluRay.X264-AMIABLE,0.21666666666666667,0.08333333333333333,0.09999999999999999
1991,The.Naked.Gun.2.1.2.The.Smell.of.Fear.1991.BluRay.720p.DTS.x264-beAst.eng,0.44000000000000006,0.33999999999999997,0.44000000000000006
2017,It,0.1875,0.21249999999999997,0.075
2016,The.Secret.Life.of.Pets.2016.720p.BluRay.x264-SPARKS,0.1875,0.07500000000000001,0.024999999999999994
2022,Avatar The Way of Water (2022) 1080p BluRay AVC REMUX DTS-HD ENG,0.2285714285714285,0.1714285714285714,0.05714285714285714
1999,Walt Disney Tarzan(1999) XviD avi DVDrip,0.74,0.64,0.74
1988,Big.1988.Extended.Edition.720p.BluRay.x264.YIFY.eng,0.47777777777777775,0.3666666666666667,0.5111111111111112
1984,Romancing.the.Stone.1984.720p.BluRay.x264-ESiR.ENG,0.5599999999999999,0.44000000000000006,0.5800000000000001
2005,Hitch.2005.WS.DVDRiP.XViD-CCTV.en,0.5222222222222221,0.4333333333333333,0.3333333333333333
1990,Home.Alone.1990.1080p.BluRay.x264-HD1080.ENG,0.3333333333333333,0.19999999999999998,0.13333333333333333
2001,Rush.Hour.2.2001.720p.BluRay.X264-AMIABLE,0.19999999999999998,0.13333333333333333,0.16666666666666666
1987,Lethal.Weapon.1.1987.1080p.BluRay.x264-CtrlHD.ENG,0.31428571428571433,0.19999999999999998,0.2714285714285714
2006,Happy.Feet.2006.1080p.BD9.x264-IGUANA.ENG,0.2125,0.037500000000000006,0.21249999999999997
1979,Apocalypse Now Redux.en,-0.15,-0.2833333333333333,-0.30833333333333335
2005,Harry.Potter.and.the.Goblet.of.Fire.2005.720p.HDDVD.DTS.x264-ESiR.ENG,0.2111111111111111,0.13333333333333333,0.2111111111111111
1977,Oh God  Dvdrip Xvid-OlFa English,0.725,0.625,0.5625
1985,Witness,0.48,0.44000000000000006,0.32
2004,Spider-Man.2.1.2004.720p.BluRay.DTS.x264-ESiR.ENG,0.2857142857142857,0.24285714285714288,0.18571428571428575
2019,Star.Wars.Episode.IX.The.Rise.of.Skywalker.2020.BDRip.XviD.AC3-EVO,0.4555555555555555,0.39999999999999997,0.3333333333333333
2007,[HDTeam]El Ultimatum De Bourne[1080p-Bluray][Dual+Subs][By Devilmort].ENG,0.06666666666666665,0.016666666666666673,0.06666666666666667
2005,Charlie.and.the.Chocolate.Factory.2005.BluRay.1080p.DTS.x264.dxva-wsp.ENG,0.39999999999999997,0.3,0.4428571428571428
2009,Transformers.Revenge.of.the.Fallen.IMAX.Edition.2009.1080p.BluRay.DTS.x264-DON.ENG,0.2545454545454545,0.13636363636363635,0.29090909090909095
1994,Forrest Gump 1994 DVDrip aviM720 en,0.6416666666666666,0.5083333333333333,0.5083333333333333
1993,Proposta.Indecente.[1993].DVDRip.WS.AC3.UnitedShare.ENG,-0.01666666666666668,-0.21666666666666667,-0.18333333333333335
2010,Avatar.(2009).BDRip.AC3.XviD-D-Z0N3,0.5375,0.42499999999999993,0.425
2010,Alice.In.Wonderland.2010.Bluray.1080p.DTSHD-MA.x264.dxva-FraMeSToR.ENG,0.2833333333333333,0.21666666666666667,0.21666666666666667
2003,Pirates.of.the.Caribbean.The.Curse.of.the.Black.Pearl.Remastered.2003.720p.BluRay.DTSx264-ESiR.eng,0.18571428571428572,0.042857142857142864,0.05714285714285714
2009,Avatar.(2009).BDRip.AC3.XviD-D-Z0N3,0.5375,0.42499999999999993,0.425
1998,dr dolittle engl,0.4142857142857143,0.2857142857142857,0.2285714285714286
2008,Quantum.Of.Solace[2008]DvDrip-aXXo.en,0.10000000000000002,-0.03333333333333334,-0.11666666666666665
2019,The.Lion.King.2019.BDRip.XviD.AC3-EVO,0.3111111111111111,0.17777777777777776,0.19999999999999998
2016,The. Jungle. Book. 2016. 720p. BluRay. x264-AN0NYM0US,0.3,0.24285714285714283,0.24285714285714285
2012,amazingspiderman,0.15555555555555556,0.14444444444444446,0.16666666666666666
1982,Rocky III,0.2571428571428572,0.14285714285714285,0.18571428571428572
2006,Cars.2006.BRRip.XviD.AC3.D-Z0N3,0.36666666666666664,0.30000000000000004,0.3777777777777778
1992,ARG-LETHAL WEAPON 3   1992  PALDVDRIP  XVID MP3 ENG  A RG,0.2545454545454546,0.11818181818181818,0.15454545454545454
1988,Crocodile. Dundee. II. 1988. 720p. BluRay. x264-PSYCHD,0.5666666666666665,0.4666666666666666,0.4833333333333334
2015,Star.Wars.Episode.VII.The.Force.Awakens.2015.720p.BluRay.x264-Replica,0.3625,0.275,0.35
1991,Sleeping.with.the.Enemy.1991.720p.BluRay.x264-HD4U-eng,0.41999999999999993,0.36,0.32
2020,Birds.of.Prey.And.the.Fantabulous.Emancipation.of.One.Harley.Quinn.2020.HC.720p.HDRip.800M,0.25555555555555554,0.1888888888888889,0.26666666666666666
1997,Batman.and.Robin.1997.1080p.BluRay.x264-CULTHD.ENG,0.07142857142857142,-0.04285714285714287,0.0857142857142857
1988,Good Morning Vietnam,0.19,0.21000000000000002,0.35
1979,Moonraker. 1979. BluRay. 720p. x264. AC3-CMCT,0.07499999999999998,-0.04999999999999999,0.09999999999999998
1996,The First Wives Club,0.32499999999999996,0.4125,0.30000000000000004
1984,The.Karate.Kid.1984.1080p.BluRay.x264-CiNEFiLE.ENG,0.575,0.48749999999999993,0.47500000000000003
1982,Porkys,-0.1636363636363636,-0.3181818181818182,-0.19090909090909092
2021,Black.Widow.2021.1080p.WEB.H264-TIMECUT,0.049999999999999996,-0.024999999999999994,-0.062499999999999986
2018,Jumanji.Welcome.to.the.Jungle.2017.1080p.WEB-DL.DD5.1.H264-FGT,0.35454545454545455,0.32727272727272727,0.4181818181818182
1997,Air.Force.One.1997.720p.BRrip.x264.YIFY,0.24285714285714285,0.11428571428571428,0.11428571428571428
2002,Ice Age.English,0.5,0.375,0.325
2004,The.Passion.Of.The.Christ.2004.DVDRip.AC3.XviD-OS.iLUMiNADOS.ENG,0.13333333333333333,0.13333333333333333,0.0
2013,The.Hunger.Games.Catching.Fire.2013.IMAX.EDITION.720p.BluRay.x264-PublicHD,0.3444444444444444,0.2888888888888889,0.16666666666666666
2023,The.Little.Mermaid.2023.1080p.WEB-DL.DDP5.1.Atmos.H.264 (v3),0.24545454545454543,0.20909090909090908,0.22727272727272727
1996,Independence.Day.1996.1080p.BluRay.DTS.x264-HDME.ENG,0.17857142857142858,0.1142857142857143,0.2785714285714285
2002,Austin.Powers.in.Goldmember.2002.720p.BluRay.x264-REVEiLLE.ENG,0.25,0.11249999999999999,0.2375
2021,A.Quiet.Place.Part.II.2020.PROPER.1080p.WEB-DL.DDP5.1.Atmos.H264-CMRG,0.44999999999999996,0.35,0.35000000000000003
2009,Harry.Potter.and.the.Half.Blood.Prince.2009.720p.BluRay.DTS.x264-WiKi.eng,0.4444444444444444,0.35555555555555557,0.4
2011,Captain.America.The.First.Avenger.2011.BluRay.720p.DTS.x264-CHD.eng,0.7428571428571429,0.6428571428571429,0.6857142857142856
2002,My.Big.Fat.Greek.Wedding.2002.DVDRip.XviD.AR - ENG,0.43999999999999995,0.34,0.48
2017,Despicable. Me. 3. 2017. 720p. BluRay. X264-AMIABLE,0.35714285714285715,0.2571428571428571,0.31428571428571433
1996,Twister.1996.720p.BluRay.x264-HALCYON,0.5625,0.4125,0.65
2013,Despicable.Me.2.2013.720p.BluRay.x264-VeDeTT,0.17142857142857143,0.14285714285714285,0.1142857142857143
2003,Finding.Nemo.720p.HDTV.DTS.x264-CtrlHD,0.43999999999999995,0.39,0.4
1991,Home.Alone.1990.1080p.BluRay.x264-HD1080.ENG,0.3333333333333333,0.19999999999999998,0.13333333333333333
2001,Hannibal.2001.1080p.BluRay.x264-iKA.ENG,-0.033333333333333326,-0.19999999999999998,-0.2333333333333333
2006,Casino.Royale.2006.DVD9.720p.BluRay.DTS.x264-REVEiLLE.ENG,0.19999999999999998,0.06666666666666667,0.19999999999999998
2019,It.Chapter.Two.2019.HDRip.XviD.AC3-EVO,0.21428571428571427,0.14285714285714285,-0.042857142857142864
2001,Shrek,0.4666666666666666,0.39999999999999997,0.3833333333333333
2012,Skyfall.2012.720p.BluRay.x264-DAA.eng,0.057142857142857155,-0.028571428571428574,-0.028571428571428564
1999,The.Matrix.1999.720p.HDDVD.DTS.x264-ESiR.ENG,0.475,0.42499999999999993,0.55
2010,How.to.Train.Your.Dragon.(2010).BDRip.AC3.XviD-CaLLiOpeD,0.4800000000000001,0.36,0.44000000000000006
1978,Heaven.Can.Wait.1978.(El.Cielo.Puede.Esperar).DVDRip.XviD.MP3.Dual.ENG-ESP.English,0.425,0.375,0.4125
1981,Excalibur,0.4714285714285715,0.29999999999999993,0.1857142857142857
2014,Transformers.Age.of.Extinction.2014.720p.BluRay.x264-BLOW,0.16153846153846152,0.007692307692307691,0.22307692307692306
2001,The.Mummy.Returns.2001.720p.Blu-ray.x264.AC3-CHD.ENG,0.36,0.24,0.3
1983,SW.Episode.6.Return.of.the.Jedi.1983.BluRay.1080p.DTSES6.1.x264-CHD.eng,0.4000000000000001,0.26666666666666666,0.26666666666666666
2016,Batman.v.Superman.Dawn.of.Justice.2016.EXTENDED.720p.BluRay.x264-SPARKS,-0.04444444444444444,-0.1222222222222222,-0.2
1981,Bustin Loose (1981) - LordSadler,0.575,0.475,0.38749999999999996
1982,Arthur.1981.DudleyMoore(Huey),0.26249999999999996,0.1,0.024999999999999994
2004,National.Treasure.2004.BluRay.1080p.DTS.x264.dxva-EuReKA.ENG,0.425,0.35,0.4375
1981,Stripes.1981.720p.BluRay.x264-CiNEFiLE,0.38749999999999996,0.35,0.5
1998,The.Waterboy.1998.INTERNAL.DVDRip.XViD-BeRRa,0.6285714285714284,0.5428571428571429,0.6285714285714287
2000,Mission.Impossible.II.2000.720p.BluRay.DTS.x264-ESiR.ENG,0.11999999999999997,0.020000000000000007,0.15999999999999998
2013,Gravity.2013.BluRay.720p.x264.DTS-HDWinG,0.4,0.3,0.32
1989,Back.to.the.Future.Part.II.1989.720p.BluRay.X264-AMIABLE,-0.10000000000000002,-0.2888888888888889,-0.07777777777777775
1988,Beetle.Juice.1988.720p.BluRay.x264-REVEiLLE.ENG,0.10000000000000002,0.05000000000000001,-0.016666666666666666
2010,The.Twilight.Saga.Eclipse.720p.Bluray.x264-CBGB.eng,0.2625,0.17500000000000002,0.225
2009,Star.Trek.2009.BluRay.1080p.DTS.x264.dxva-EuReKA.ENG,0.4125,0.33749999999999997,0.48750000000000004
2018,The.Incredibles.2.2018.HDTC.Versions,0.18888888888888886,0.15555555555555556,0.10000000000000002
2012,TED 2012 TS XViD - INSPiRAL,0.1,0.012499999999999997,-0.05
1999,The Blair Witch Project.DVDRip.Occor,-0.25,-0.225,-0.3125
2022,Black.Panther.Wakanda.Forever.2022.1080p.BluRay.x264.DTS-HD.MA.7.1-MT,0.3909090909090908,0.40909090909090917,0.4
2017,Wonder.Woman.2017.720p.BluRay.x264-SPARKS,0.3888888888888889,0.3222222222222222,0.30000000000000004
1983,Trading.Places.1983.BluRay.1080p.DTS.x264.dxva-FTW-HD.ENG,0.04285714285714283,-0.09999999999999999,0.1142857142857143
2015,American.Sniper.2014.720p.BluRay.x264-SPARKS,0.06,-0.049999999999999996,-0.06
1980,Coal Miners Daughter (1980) HDTV 2h 4m 8s @23.976fps.ENG-Hi,0.2666666666666667,0.16666666666666666,0.2555555555555556
1998,Armageddon.1998.BluRay.1080p.DTSMA.x264.dxva-SuBoXoNe.ENG,0.3846153846153847,0.29230769230769227,0.49230769230769234
1989,Indiana.Jones.And.The.Last.Crusade.(1989).DVDRiP.XViD-DEiTY,0.39999999999999997,0.27499999999999997,0.42500000000000004
1977,Looking.For.Mr.Goodbar.ENG.PAL.en,-0.19999999999999998,-0.28888888888888886,-0.2777777777777778
1993,In.the.Line.of.Fire.1993.Blu-ray.720p.x264.DD51-HiS@SiLUHD.ENG,0.12000000000000002,0.1,-5.551115123125783e-18
2022,Sonic. the. Hedgehog. 2. 2022. 1080p. WEBRip. DDP5. 1. Atmos. x264-NOGRP,0.46666666666666656,0.4,0.5666666666666667
2006,The.Da.Vinci.Code.2006.Extended.720p.BluRay.x264-BestHD.eng,0.11818181818181818,0.13636363636363635,0.08181818181818182
1979,Alien.1979.Directors.Cut.720p.BluRay.x264.DTS-WiKi.EN,0.2333333333333333,0.13333333333333333,-0.016666666666666673
1995,Die.Hard.With.A.Vengeance.1995.1080p.BluRay.x264-WPi.ENG,0.1111111111111111,0.05555555555555555,0.044444444444444446
1994,The.Flintstones.1994.720p.BluRay.x264-TRiPS,0.11428571428571425,0.042857142857142864,0.21428571428571427
1997,The.Lost.World.Jurassic.Park.1997.m-HD.AAC.Roboris.eng,0.3,0.21666666666666665,0.11666666666666665
1980,Private.Benjamin.1980.720p.HDTVRip.XviD.AC3-RARBG.eng,0.05714285714285713,0.08571428571428573,0.11428571428571428
2006,Talladega.Nights.1080p.BluRay.WMV-HD.BD9-KOADIC.ENG,0.2636363636363636,0.2,0.3090909090909091
1977,The.Deep.1977.1080p.BluRay.4xRus.Eng.HDCLUB.ENG,0.13999999999999999,0.020000000000000007,0.16
2006,Ice.Age.2.The.Meltdown.1080p.BluRay.DTS.x264-ESiR.ENG,0.275,0.2,0.275
2003,Bruce.Almighty.2003.[1280x694].23.976fps.720p.BRRip.x264-ENG,0.4142857142857143,0.31428571428571433,0.34285714285714286
1998,Rush Hour 1,0.15000000000000002,0.012499999999999997,0.11249999999999999
2012,The.Hobbit.An.Unexpected.Journey.2012.720p.BluRay.x264-SPARKS.eng,0.28,0.13,0.26999999999999996
2014,The.Amazing.Spider-Man.2.2014.720p.BluRay.x264-BLOW,0.24,0.17,0.2
2003,Elf.2003.BDRE.720p.x264.AC3-SiLUHD.ENG,0.45,0.33999999999999997,0.42000000000000004
1989,ARG-LETHAL WEAPON 2 1989  PALDVDRIP  XVID MP3 ENG  A RG,-0.012500000000000018,-0.07500000000000001,0.012500000000000011
2002,Spider-Man.2002.720p.BluRay.DTS.x264-ESiR.ENG,0.39999999999999997,0.2571428571428572,0.3428571428571428
2001,The.Lord.of.the.Rings.The.Fellowship.of.the.Ring.Extended.Editions.2001.1080p.BluRay.x264.,0.5,0.39,0.37
2016,Zootopia.2016.720p.BluRay.x264-SPARKS,0.4,0.26,0.32999999999999996
1993,The.Fugitive.1993.Blu-ray.Re.x264.1080p.DTS-HDS.ENG,0.34285714285714286,0.24285714285714283,0.21428571428571427
1988,Die.Hard.1988.Bluray.1080p.DTSMA.x264.dxva-FraMeSToR.ENG,0.14444444444444446,0.06666666666666667,0.04444444444444444
1984,Indiana Jones and the Temple of Doom 1984 1080p Blu-ray AVC DTS-HD,0.1,0.040000000000000015,0.18
2020,Sonic.The.Hedgehog.2020.720p.WEBRip.x264.AAC-.YTS.MX,0.5125,0.42499999999999993,0.575
2023,The.Super.Mario.Bros.Movie.2023.1080p.MA.WEBRip.DDP5.1.Atmos.x264-CMaRioG,0.5333333333333333,0.43333333333333335,0.5666666666666668
2007,Spider.Man.3.2007.1080p.BluRay.x264.YIFY,0.2714285714285714,0.17142857142857143,0.15714285714285717
