subtitle_filename,year,woke_score,technological_progress,social_progress,economic_progress,institutional_trust,global_vs_national,confidence
2025_Mickey17,2025,0.5266666666666667,0.7200000000000001,0.6399999999999999,0.3866666666666667,0.2733333333333333,0.56,0.8066666666666669
2011_Transformers.Dark.Of.The.Moon.2011.BluRay.720p.DTS.x264-CHD.eng,2011,-0.03125,0.51875,0.16874999999999998,0.13125,0.17500000000000002,0.28125,0.73125
2019_The.Lion.King.2019.BDRip.XviD.AC3-EVO,2019,0.05555555555555555,0.03333333333333333,0.07777777777777778,0.044444444444444446,0.1111111111111111,0.12222222222222223,0.7999999999999999
2021_Shang-Chi. And. The. Legend. Of. The. Ten. Rings. 2021. 1080p. BluRay. x264-VETO,2021,0.6000000000000001,0.6111111111111112,0.6888888888888888,0.4222222222222222,0.42222222222222217,0.5888888888888889,0.7666666666666666
2017_It,2017,0.5666666666666668,0.5222222222222221,0.7333333333333333,0.35555555555555546,0.24444444444444446,0.46666666666666656,0.7999999999999999
2014_Dawn.of.the.Planet.of.the.Apes.2014.1080p.BluRay.x264-SPARKS,2014,0.5599999999999999,0.7,0.64,0.42000000000000004,0.3,0.52,0.82
2022_Black.Panther.Wakanda.Forever.2022.1080p.BluRay.x264.DTS-HD.MA.7.1-MT,2022,0.5333333333333333,0.7416666666666666,0.6333333333333332,0.42500000000000004,0.3416666666666666,0.5833333333333334,0.7999999999999999
2017_Thor.Ragnarok.2017.720p.WEB-DL.H264.AC3-EVO,2017,0.29090909090909095,0.6181818181818183,0.41818181818181815,0.2818181818181818,0.2545454545454545,0.4636363636363636,0.7818181818181817
2022_The.Batman.2022.HDRip.850MB.c1nem4.x264-SUNSCREEN,2022,0.43846153846153846,0.6153846153846154,0.5846153846153845,0.3538461538461538,0.2538461538461539,0.4615384615384616,0.7846153846153844
2024_Beetlejuice,2024,0.44000000000000006,0.64,0.5499999999999999,0.35,0.26999999999999996,0.47000000000000003,0.7799999999999999
2015_Avengers.Age.of.Ultron.2015.720p.BluRay.x264-SPARKS,2015,0.0923076923076923,0.5692307692307692,0.2076923076923077,0.15384615384615385,0.16923076923076924,0.37692307692307686,0.7461538461538463
2019_It.Chapter.Two.2019.HDRip.XviD.AC3-EVO,2019,0.5142857142857143,0.5857142857142856,0.6857142857142856,0.36428571428571427,0.32142857142857145,0.5214285714285715,0.8
2017_Wonder.Woman.2017.720p.BluRay.x264-SPARKS,2017,0.7999999999999999,0.6545454545454545,0.8727272727272729,0.4727272727272727,0.39999999999999997,0.7545454545454544,0.8272727272727274
2016_Finding.Dory.2016.720p.BluRay.X264-AMIABLE,2016,0.7538461538461539,0.6538461538461539,0.8538461538461541,0.49230769230769234,0.5461538461538461,0.7538461538461539,0.8538461538461541
2014_The.Lego.Movie.2014.BluRay.720p.x264.DTS-HDWinG,2014,0.7285714285714286,0.7357142857142855,0.7642857142857145,0.5357142857142857,0.47857142857142854,0.6785714285714286,0.8571428571428573
2025_Captain.America.Brave.New.World,2025,0.5,0.7000000000000001,0.5999999999999999,0.39999999999999997,0.29999999999999993,0.5363636363636364,0.7999999999999999
2021_Eternals.2021.1080p.WEB-DL.DDP5.1.H.264-EVO.v2,2021,0.58,0.74,0.6499999999999999,0.44000000000000006,0.33999999999999997,0.6900000000000001,0.7999999999999999
2013_Monsters University,2013,0.25,0.6,0.4499999999999999,0.3,0.36999999999999994,0.45999999999999996,0.7799999999999999
2024_Deadpool.and.Wolverine,2024,0.41333333333333333,0.6533333333333334,0.4999999999999999,0.3333333333333333,0.24666666666666662,0.46,0.7866666666666667
2021_Black.Widow.2021.1080p.WEB.H264-TIMECUT,2021,0.4666666666666667,0.6777777777777778,0.5555555555555556,0.36666666666666664,0.2777777777777778,0.4666666666666667,0.7999999999999999
2012_The.Dark.Knight.Rises.2012.720p.BluRay.x264-SPARKS,2012,0.014285714285714287,0.5071428571428571,0.04285714285714286,0.028571428571428574,-0.05714285714285715,-0.014285714285714282,0.7785714285714287
2018_Deadpool 2,2018,0.4583333333333333,0.6333333333333334,0.5999999999999999,0.35833333333333334,0.27499999999999997,0.48333333333333334,0.7999999999999999
2014_Guardians.of.the.Galaxy.2014.DVDRip.X264.AC3.5.1-PLAYNOW,2014,0.16666666666666666,0.5666666666666668,0.33333333333333326,0.2222222222222222,0.23333333333333328,0.4666666666666667,0.7333333333333334
2024_Bad.Boys.Ride.Or.Die,2024,0.0,0.5181818181818182,0.2909090909090909,0.1909090909090909,0.1272727272727273,0.3636363636363636,0.7181818181818183
2017_Spider-Man.Homecoming.2017.720p.BluRay.x264-SPARKS,2017,0.08571428571428572,0.5499999999999999,0.24999999999999994,0.17142857142857143,0.2,0.33571428571428574,0.7285714285714286
2024_Mufasa.The.Lion.King,2024,0.5333333333333333,0.6416666666666667,0.6583333333333332,0.4166666666666667,0.4333333333333333,0.6166666666666666,0.7999999999999999
2025_Sinners,2025,-0.08461538461538462,0.2153846153846154,0.2846153846153846,0.17692307692307693,0.13076923076923078,0.2307692307692308,0.7307692307692306
2023_Oppenheimer,2023,0.07692307692307693,0.6576923076923078,0.25769230769230766,0.21153846153846156,0.19230769230769226,0.3653846153846155,0.7653846153846154
2018_Black.Panther.2018.720p.BluRay.x264-SPARKS,2018,0.67,0.82,0.75,0.52,0.4999999999999999,0.67,0.8300000000000001
2025_A Complete Unknown,2025,0.48125,0.39375,0.6375,0.3375,0.26875,0.5812499999999998,0.7875000000000002
2011_Thor,2011,0.0,0.5375,0.1,0.0875,0.15000000000000002,0.21250000000000002,0.7000000000000001
2018_Mission.Impossible.Fallout.2018.KORSUB.HDRip.x264-STUTTERSHIT,2018,0.045454545454545456,0.5181818181818182,0.29999999999999993,0.19999999999999998,0.16363636363636364,0.4272727272727273,0.7545454545454546
2019_Captain Marvel (2019).[720p HQ DVDScr - HQ Line Audios - [Hindi + Eng] - x264 - 950MB],2019,0.6777777777777777,0.7555555555555555,0.7555555555555556,0.5,0.46666666666666656,0.7444444444444445,0.8444444444444446
2024_Kingdom.Of.The.Planet.Of.The.Apes,2024,0.625,0.7250000000000001,0.675,0.475,0.375,0.575,0.8
2013_Iron.Man.3.2013.720p.BluRay.x264-SPARKS,2013,0.03571428571428571,0.5142857142857143,0.25714285714285706,0.17142857142857143,0.15714285714285717,0.2928571428571428,0.7071428571428571
2024_It.Ends.With.Us,2024,0.5499999999999999,0.425,0.6916666666666668,0.36666666666666664,0.27499999999999997,0.45,0.8000000000000002
2013_Oz.the.Great.and.Powerful.2013.720p.BluRay.x264-SPARKS,2013,0.25,0.6100000000000001,0.3,0.2,0.15,0.25,0.74
2019_Frozen.II.2019.DVDScr.XVID.AC3.HQ.Hive-CM8,2019,0.7999999999999999,0.7000000000000001,0.9000000000000001,0.5999999999999999,0.55,0.7999999999999999,0.9000000000000001
2012_amazingspiderman,2012,0.0,0.48,0.16999999999999998,0.13,0.18,0.23000000000000004,0.7100000000000001
2019_Star.Wars.Episode.IX.The.Rise.of.Skywalker.2020.BDRip.XviD.AC3-EVO,2019,0.5333333333333333,0.7000000000000001,0.6333333333333333,0.4111111111111111,0.35555555555555546,0.6555555555555554,0.811111111111111
2015_Furious.Seven.2015.EXTENDED.720p.BluRay.x264-SPARKS,2015,0.1,0.6799999999999999,0.38,0.32,0.24,0.49000000000000005,0.7699999999999999
2017_The.Fate.of.the.Furious.2017.720p.BluRay.x264-SPARKS,2017,0.03636363636363637,0.5272727272727273,0.11818181818181818,0.0818181818181818,0.06363636363636363,0.2909090909090909,0.7090909090909092
2017_Guardians.of.the.Galaxy.Vol.2.2017.720p.BluRay.x264-SPARKS,2017,0.4272727272727273,0.6818181818181818,0.5272727272727272,0.3545454545454545,0.2636363636363636,0.5545454545454546,0.7999999999999999
2019_Aladdin.2019.720p.WEB-DL.x264.AAC-BonsaiHD,2019,0.4928571428571429,0.6,0.5928571428571427,0.3642857142857143,0.30714285714285705,0.5142857142857143,0.7785714285714287
2011_Fast.Five.2011.720p.BluRay.x264.DTS-WiKi.eng,2011,0.0,0.5,0.3,0.19999999999999998,0.16666666666666666,0.39999999999999997,0.7111111111111111
2021_No.Time.to.Die.1080p.AMZN.WEB-DL.DDP5.1.H.264-CMRG,2021,-0.09090909090909091,0.5,0.17272727272727273,0.14545454545454545,0.11818181818181817,0.2545454545454545,0.7727272727272727
2010_Iron.Man.2.(2010).BDRip.AC3.XviD-CaLLiOpeD,2010,-0.05384615384615384,0.5538461538461539,0.08461538461538462,0.0923076923076923,0.12307692307692308,0.16153846153846155,0.7153846153846153
2019_Joker.2019.720p.HC.HDRip.XviD.AC3-EVO,2019,-0.3888888888888889,0.2888888888888889,0.23333333333333328,0.1111111111111111,0.09999999999999999,0.2222222222222222,0.7999999999999999
2020_Sonic.The.Hedgehog.2020.720p.WEBRip.x264.AAC-.YTS.MX,2020,0.13999999999999999,0.54,0.21000000000000002,0.13999999999999999,0.15,0.21999999999999997,0.7200000000000001
2024_The.Wild.Robot,2024,0.65,0.7374999999999999,0.7125,0.45,0.35,0.575,0.7999999999999999
2013_Frozen.2013.720p.BluRay.x264-SPARKS,2013,0.7300000000000001,0.5399999999999999,0.8400000000000001,0.45,0.43,0.6499999999999999,0.82
2021_Spider-Man_No_Way_Home.2022.1080p.Bluray.DTS-HD.MA.5.1.X264-EVO,2021,0.4666666666666667,0.6866666666666666,0.5599999999999999,0.37333333333333335,0.2466666666666666,0.49999999999999994,0.8000000000000002
2014_Captain.America.The.Winter.Soldier.2014.720p.BluRay.x264-SPARKS,2014,0.38181818181818183,0.6909090909090909,0.5454545454545454,0.36363636363636365,0.2727272727272727,0.5,0.7909090909090909
2019_Avengers Endgame 2019 NEW 720p HDCAM x264-iMaX,2019,0.5846153846153845,0.7846153846153847,0.6615384615384615,0.4538461538461538,0.5076923076923077,0.7230769230769231,0.8230769230769232
2011_The. Hangover. Part. II. 2011. 720p. BrRip. x264. YIFY,2011,0.03076923076923077,0.4461538461538461,0.1769230769230769,0.13846153846153847,0.12307692307692307,0.24615384615384614,0.7
2018_Ant Man and the Wasp 2018 New HDCAM-X264-Sexxy,2018,0.5,0.7000000000000001,0.5999999999999999,0.39999999999999997,0.29999999999999993,0.509090909090909,0.7999999999999999
2020_The.Invisible.Man.2020.HDRip.XviD.AC3-EVO,2020,0.3,0.4166666666666667,0.5,0.2833333333333334,0.20000000000000004,0.31666666666666665,0.7666666666666666
2011_POTC 4 - On Stranger Tides (2011) 720p BluRay AC3 x264 - AdiT.english,2011,0.0,0.5,0.24,0.15999999999999998,0.15999999999999998,0.31999999999999995,0.7100000000000001
2011_Cars.2.720p.BluRay.x264.REPACK-METiS.eng,2011,0.5,0.7,0.5999999999999999,0.4,0.3461538461538461,0.6461538461538461,0.8
2012_MSAR. EN2,2012,0.5222222222222223,0.7000000000000001,0.6222222222222222,0.4111111111111111,0.3111111111111111,0.7000000000000001,0.7999999999999999
2016_The.Secret.Life.of.Pets.2016.720p.BluRay.x264-SPARKS,2016,0.05714285714285715,0.18571428571428572,0.12857142857142856,0.08571428571428573,0.08571428571428573,0.14285714285714285,0.7428571428571428
2016_Suicide.Squad.2016.EXTENDED.720p.BluRay.x264-SPARKS,2016,-0.03,0.48,0.22000000000000003,0.16,0.05,0.31999999999999995,0.7100000000000001
2022_Top.Gun.Maverick.2022.KORSUB.IMAX.1080p.WEBRip.AAC2.0.x264-SHITBOX,2022,0.0,0.7090909090909091,0.2909090909090909,0.24545454545454548,0.39999999999999997,0.4454545454545455,0.7999999999999999
2012_TED 2012 TS XViD - INSPiRAL,2012,0.0,0.375,0.19166666666666665,0.18333333333333335,0.14166666666666666,0.275,0.7583333333333333
2010_despicable.me.dvdrip.xvid-imbt.en,2010,0.16666666666666666,0.5666666666666668,0.25,0.15000000000000002,0.15,0.21666666666666667,0.7333333333333334
2014_X-Men.Days.of.Future.Past.2014.720p.BluRay.X264-AMIABLE,2014,0.5333333333333333,0.6555555555555556,0.6555555555555554,0.3888888888888889,0.3111111111111111,0.5555555555555557,0.8111111111111111
2011_Captain.America.The.First.Avenger.2011.BluRay.720p.DTS.x264-CHD.eng,2011,0.4666666666666667,0.7000000000000001,0.5777777777777777,0.38888888888888884,0.46666666666666656,0.5777777777777778,0.7999999999999999
2021_Ghostbusters.Afterlife.2021.1080p.AMZN.WEB-DL.DDP5.1.H.264-EVO,2021,0.5,0.7000000000000001,0.6,0.39999999999999997,0.3,0.5,0.7999999999999999
2025_Snow.White,2025,0.5333333333333333,0.5111111111111111,0.7111111111111111,0.4111111111111111,0.3222222222222222,0.5666666666666667,0.8
2022_Thor.Love.and.Thunder.2022.1080p.WEB-DL.DDP5.1.Atmos.H.264-EVO,2022,0.5181818181818182,0.7000000000000001,0.618181818181818,0.4090909090909091,0.309090909090909,0.509090909090909,0.7999999999999999
2016_The. Jungle. Book. 2016. 720p. BluRay. x264-AN0NYM0US,2016,0.3125,0.275,0.425,0.2625,0.325,0.4,0.75
2018_Jumanji.Welcome.to.the.Jungle.2017.1080p.WEB-DL.DD5.1.H264-FGT,2018,0.55,0.7083333333333334,0.6416666666666666,0.42500000000000004,0.37499999999999994,0.5583333333333333,0.7999999999999999
2012_The.Twilight.Saga.Breaking.Dawn.Part.2.2012.NEW.TS.XviD.AC3-ADTRG,2012,0.5,0.7000000000000001,0.6,0.39999999999999997,0.3,0.5166666666666667,0.7999999999999999
2017_Star.Wars.The.Last.Jedi.2017.720p.BluRay.x264-SPARKS,2017,0.4666666666666667,0.6888888888888889,0.5777777777777777,0.37777777777777777,0.3,0.5777777777777777,0.7888888888888889
2022_Sonic. the. Hedgehog. 2. 2022. 1080p. WEBRip. DDP5. 1. Atmos. x264-NOGRP,2022,0.06999999999999999,0.53,0.25999999999999995,0.19,0.27,0.33999999999999997,0.7100000000000001
2010_Avatar.(2009).BDRip.AC3.XviD-D-Z0N3,2010,0.6545454545454545,0.6454545454545455,0.7545454545454546,0.4454545454545455,0.3090909090909091,0.7272727272727273,0.8454545454545456
2010_How.to.Train.Your.Dragon.(2010).BDRip.AC3.XviD-CaLLiOpeD,2010,0.4571428571428572,0.6857142857142857,0.5714285714285714,0.38571428571428573,0.38571428571428573,0.5428571428571428,0.7857142857142857
2025_One.Of.Them.Days,2025,0.5428571428571429,0.4928571428571428,0.6857142857142857,0.36428571428571427,0.2571428571428572,0.4642857142857143,0.7785714285714286
2018_The.Incredibles.2.2018.HDTC.Versions,2018,0.5769230769230769,0.7307692307692307,0.6461538461538461,0.43846153846153846,0.3384615384615384,0.6,0.8
2025_A. Minecraft. Movie,2025,0.5,0.7000000000000001,0.6,0.39999999999999997,0.3,0.5,0.7999999999999999
2014_Big.Hero.6.2014.720p.BluRay.x264-SPARKS,2014,0.6625,0.8125,0.6875,0.4875,0.46249999999999997,0.6124999999999999,0.8125
2012_The.Hunger.Games.2012.720p.BluRay.x264.DTS-HDChina.eng,2012,0.6875,0.4875,0.7749999999999999,0.33749999999999997,0.2125,0.625,0.8250000000000001
2015_Inside.Out.2015.1080p.WEB-DL.AAC2.0.H264-RARBG,2015,0.7727272727272727,0.6818181818181819,0.881818181818182,0.5272727272727272,0.5727272727272728,0.7272727272727273,0.8909090909090911
2024_Wicked_2024,2024,0.6428571428571429,0.6071428571428571,0.7714285714285715,0.39999999999999997,0.2857142857142857,0.6285714285714284,0.835714285714286
2022_Doctor.Strange.in.the.Multiverse.of.Madness.2022.1080p.WEB-DL.DDP5.1.Atmos.H.264,2022,0.5,0.7000000000000001,0.6,0.39999999999999997,0.3,0.575,0.7999999999999999
2013_Gravity.2013.BluRay.720p.x264.DTS-HDWinG,2013,0.0,0.5857142857142856,0.08571428571428573,0.12857142857142856,0.18571428571428572,0.3,0.7000000000000001
2020_Bad.Boys.for.Life.2020.1080p.HDRip.X264.AC3-EVO,2020,0.0,0.5,0.25833333333333336,0.19999999999999998,0.25000000000000006,0.35833333333333334,0.725
2022_Minions.The.Rise.Of.Gru.2022.1080p.AMZN.WEB-DL.DDP5.1.H.264-CMRG,2022,0.38,0.6599999999999999,0.5,0.33999999999999997,0.3,0.52,0.7799999999999999
2021_Free.Guy.2021.BDRip.XviD.AC3-EVO.v2,2021,0.6428571428571429,0.7642857142857142,0.6928571428571428,0.47857142857142854,0.3571428571428572,0.5857142857142856,0.8142857142857144
2014_Transformers.Age.of.Extinction.2014.720p.BluRay.x264-BLOW,2014,-0.1375,0.5375,0.23125,0.19374999999999998,0.024999999999999994,0.3375000000000001,0.74375
2010_dmd-ts3,2010,0.55,0.7100000000000001,0.6499999999999999,0.43,0.33999999999999997,0.55,0.8099999999999999
2013_Man.Of.Steel.2013.720p.BluRay.x264-Felony,2013,0.3333333333333333,0.6333333333333334,0.4666666666666667,0.3111111111111111,0.28888888888888886,0.4222222222222222,0.7888888888888888
2015_Star.Wars.Episode.VII.The.Force.Awakens.2015.720p.BluRay.x264-Replica,2015,0.37777777777777777,0.6555555555555556,0.5222222222222223,0.3555555555555555,0.26666666666666666,0.5111111111111111,0.7777777777777777
2014_The.Hunger.Games.Mockingjay.Part.1.2014.720p.BluRay.x264-SPARKS,2014,0.7699999999999999,0.7000000000000001,0.8700000000000001,0.58,0.38999999999999996,0.7699999999999999,0.8900000000000002
2011_The.Twilight.Saga.Breaking.Dawn.Part.1.2011.720p.BluRay.x264-SPARKS English,2011,0.0875,0.45,0.1875,0.125,0.1875,0.21250000000000002,0.7250000000000001
2013_Despicable.Me.2.2013.720p.BluRay.x264-VeDeTT,2013,0.19999999999999998,0.5857142857142856,0.4142857142857142,0.2857142857142857,0.37142857142857144,0.4714285714285714,0.7285714285714286
2023_Guardians.of.the.Galaxy.Vol.3.2023.1080p.WEB-DL.DDP5.1.Atmos.H.264-CMRG (v2),2023,0.62,0.76,0.6399999999999999,0.45,0.35,0.5999999999999999,0.7999999999999999
2010_The.Twilight.Saga.Eclipse.720p.Bluray.x264-CBGB.eng,2010,0.16999999999999998,0.5,0.36,0.24000000000000005,0.29999999999999993,0.37,0.74
2024_Moana.2,2024,0.7999999999999999,0.7000000000000001,0.8888888888888888,0.6,0.6555555555555556,0.7999999999999999,0.9000000000000001
2024_Godzilla.x.Kong.The.New.Empire,2024,0.5285714285714286,0.7142857142857143,0.6142857142857142,0.41428571428571426,0.42857142857142855,0.6285714285714287,0.7999999999999999
2018_Solo.A.Star.Wars.Story.2018.720p.BluRay.x264.DTS-HDC,2018,0.19999999999999998,0.5999999999999999,0.3499999999999999,0.2333333333333334,0.14166666666666672,0.41666666666666674,0.7333333333333333
2017_Despicable. Me. 3. 2017. 720p. BluRay. X264-AMIABLE,2017,0.5,0.7000000000000001,0.6,0.39999999999999997,0.3,0.5142857142857143,0.7999999999999999
2021_F9. The. Fast. Saga. 2021. THEATRICAL. 1080p. BluRay. x264-RUSTED,2021,-0.11818181818181818,0.5272727272727272,0.2727272727272727,0.19090909090909092,0.19090909090909094,0.3727272727272727,0.7545454545454546
2023_Spider Man Across the Spider Verse 2023 1080p V3 NEW No Chew Edition HDTS Video X264 Will1869,2023,0.5400000000000001,0.7133333333333332,0.6266666666666666,0.4200000000000001,0.32,0.6199999999999998,0.8000000000000002
2024_Ghostbusters.Frozen.Empire,2024,0.54,0.7200000000000001,0.6199999999999999,0.42000000000000004,0.37999999999999995,0.55,0.7999999999999999
2025_Nosferatu,2025,0.16666666666666666,0.39999999999999997,0.5222222222222223,0.2222222222222222,0.2888888888888889,0.4666666666666667,0.7999999999999999
2016_Batman.v.Superman.Dawn.of.Justice.2016.EXTENDED.720p.BluRay.x264-SPARKS,2016,-0.045454545454545456,0.5,0.13636363636363635,0.09090909090909091,0.06363636363636363,0.18181818181818182,0.7818181818181817
2015_The.Martian.2015.720p.BluRay.x264-SPARKS,2015,0.5,0.8,0.5999999999999999,0.4,0.423076923076923,0.7,0.8
2024_Venom. The. Last. Dance,2024,0.0,0.5,0.3,0.19999999999999998,0.17142857142857143,0.39999999999999997,0.7142857142857144
2011_Rise.of.the.Planet.of.the.Apes.2011.BluRay.1080p.DTS.x264-CHD,2011,0.5,0.7799999999999999,0.6,0.4,0.3,0.5,0.8
2024_Inside.Out.2,2024,0.5333333333333333,0.6833333333333335,0.6499999999999998,0.40833333333333327,0.3999999999999999,0.5666666666666667,0.7999999999999999
2019_Toy.Story.4.2019.720p.HDCAM-1XBET,2019,0.5363636363636364,0.6272727272727272,0.7,0.3909090909090909,0.3909090909090908,0.5636363636363636,0.7999999999999999
2012_Skyfall.2012.720p.BluRay.x264-DAA.eng,2012,0.0,0.5,0.1875,0.125,0.0625,0.25,0.75
2015_American.Sniper.2014.720p.BluRay.x264-SPARKS,2015,-0.2307692307692308,0.4923076923076923,0.25384615384615383,0.2,0.2538461538461539,0.29230769230769227,0.7615384615384614
2020_Birds.of.Prey.And.the.Fantabulous.Emancipation.of.One.Harley.Quinn.2020.HC.720p.HDRip.800M,2020,0.5700000000000001,0.57,0.71,0.36999999999999994,0.29,0.51,0.7899999999999998
2015_Jurassic World,2015,-0.05555555555555555,0.47777777777777775,0.21111111111111114,0.15555555555555556,0.15555555555555556,0.3,0.7222222222222223
2010_timpe-inception,2010,0.14285714285714285,0.6357142857142858,0.35,0.2785714285714285,0.21428571428571427,0.5071428571428572,0.7857142857142858
2022_Avatar The Way of Water (2022) 1080p BluRay AVC REMUX DTS-HD_ENG,2022,0.6916666666666665,0.6666666666666666,0.7916666666666669,0.4916666666666667,0.3416666666666666,0.7166666666666667,0.8416666666666669
2018_Jurassic World Fallen Kingdom (2018) 720p English HDCAM-Rip - x264 - MP3 750MB,2018,0.5,0.7000000000000001,0.6,0.33749999999999997,0.3625,0.5125,0.7999999999999999
2010_nedivx-shrek4.en,2010,0.375,0.5375000000000001,0.5625,0.2875,0.28750000000000003,0.5,0.7999999999999999
2023_Ant.Man.And.The.Wasp.Quantumania.2023.1080p.WEB-DL.DDP5.1.Atmos.H.264-CMRG,2023,0.5222222222222223,0.7111111111111111,0.611111111111111,0.4111111111111111,0.3111111111111111,0.5888888888888889,0.7999999999999999
2013_Fast.And.Furious.6.2013.1080p.WEB-DL.H264-BLUEBIRD,2013,0.15,0.57,0.36,0.25,0.25,0.44000000000000006,0.72
2017_Logan,2017,0.7777777777777778,0.6666666666666666,0.8777777777777779,0.4444444444444444,0.2777777777777778,0.6555555555555556,0.8666666666666667
2016_Zootopia.2016.720p.BluRay.x264-SPARKS,2016,0.7666666666666666,0.7000000000000001,0.8666666666666668,0.5499999999999999,0.425,0.7166666666666668,0.8833333333333336
2015_Minions.2015.720p.BluRay.x264-GECKOS,2015,-0.16666666666666666,0.5,0.06666666666666667,0.03333333333333333,0.03333333333333333,0.09999999999999999,0.7833333333333332
2024_Despicable.Me,2024,0.275,0.5375,0.4125,0.275,0.325,0.4125,0.7625
2013_The.Hunger.Games.Catching.Fire.2013.IMAX.EDITION.720p.BluRay.x264-PublicHD,2013,0.6454545454545454,0.6181818181818183,0.7727272727272727,0.43636363636363634,0.2818181818181818,0.6636363636363636,0.8363636363636364
2014_The.Amazing.Spider-Man.2.2014.720p.BluRay.x264-BLOW,2014,0.15833333333333333,0.5666666666666668,0.35833333333333334,0.2416666666666667,0.21666666666666667,0.39166666666666666,0.7333333333333333
2010_Alice.In.Wonderland.2010.Bluray.1080p.DTSHD-MA.x264.dxva-FraMeSToR.ENG,2010,0.5,0.6571428571428573,0.6285714285714284,0.3857142857142857,0.2857142857142857,0.5,0.7999999999999999
2018_Avengers Infinity War 2018 NEW PROPER HD-CAM 720p Hindi + English X264 CPG - KatmovieHD.Ney,2018,0.2,0.5800000000000001,0.24,0.16,0.13999999999999999,0.5599999999999999,0.7999999999999999
2024_Gladiator.II,2024,0.08571428571428573,0.42857142857142855,0.32857142857142857,0.19999999999999998,0.15714285714285717,0.3999999999999999,0.7142857142857144
2019_Spider-Man.Far.From.Home.2019.V3.1080p.NEW.HDTC.H264.AC3.ADDS.CUT.BLURRED.Will1869,2019,0.36153846153846153,0.6461538461538462,0.46153846153846145,0.30769230769230765,0.23076923076923073,0.4846153846153846,0.7846153846153847
2020_1917,2020,0.0,0.25,0.13333333333333333,0.11666666666666665,0.16666666666666666,0.20000000000000004,0.7166666666666667
2020_Dolittle.2020.HDRip.800MB.x264-GalaxyRG,2020,0.5,0.6900000000000001,0.6099999999999999,0.39999999999999997,0.31999999999999995,0.53,0.7999999999999999
2021_Venom.Let.There.Be.Carnage.2021.HDRip.XviD.AC3-EVO,2021,-0.2222222222222222,0.4111111111111111,0.1888888888888889,0.1111111111111111,0.14444444444444443,0.22222222222222227,0.7444444444444446
2013_Star.Trek.Into.Darkness.2013.BluRay.720p.x264-HDWinG,2013,0.0,0.5230769230769231,0.15384615384615385,0.09999999999999999,-0.015384615384615403,0.3153846153846154,0.7461538461538461
2016_Captain.America.Civil.War.2016.720p.BluRay.X264-AMIABLE,2016,0.041666666666666664,0.5166666666666667,0.22499999999999998,0.15,0.15,0.27499999999999997,0.7500000000000001
2012_The.Avengers.2012.DVDRip.X264.AC3-NYDIC,2012,0.0,0.525,0.21666666666666665,0.15833333333333333,0.26666666666666666,0.5416666666666666,0.7333333333333333
2016_Deadpool,2016,0.0,0.27999999999999997,0.14999999999999997,0.07999999999999999,0.07999999999999999,0.12,0.7699999999999999
2020_The Call of the Wild.2020.HDRip.XviD.AC3-EVO,2020,0.05,0.45,0.25,0.2,0.25,0.375,0.7
2024_Twisters,2024,0.3692307692307692,0.7307692307692306,0.5076923076923076,0.32307692307692304,0.3153846153846154,0.5,0.8
2020_Jumanji.The.Next.Level.2019.HC.720p.HDRip.800MB.x264-GalaxyRG,2020,0.4454545454545455,0.6636363636363636,0.5636363636363636,0.3727272727272727,0.3,0.5090909090909091,0.7818181818181817
2025_Dog.Man,2025,0.0625,0.3375,0.075,0.05,0.0375,0.0625,0.6625000000000001
2012_The.Hobbit.An.Unexpected.Journey.2012.720p.BluRay.x264-SPARKS.eng,2012,0.06666666666666667,0.45,0.24999999999999997,0.16666666666666666,0.3166666666666666,0.41666666666666674,0.7416666666666667
2018_The.Grinch.2018.1080p.WEB-DL.X264.DD5.1-SeeHD,2018,0.14444444444444446,0.16666666666666666,0.2666666666666667,0.13333333333333333,0.17777777777777778,0.2222222222222222,0.7444444444444445
2024_Kung. Fu. Panda. 4,2024,0.42000000000000004,0.6500000000000001,0.5299999999999999,0.35,0.2899999999999999,0.49000000000000005,0.7899999999999999
2015_The.Hunger.Games.Mockingjay.Part.2.2015.720p.BluRay.x264-SPARKS,2015,0.56,0.7000000000000001,0.6499999999999999,0.43,0.30999999999999994,0.5599999999999999,0.7999999999999999
2024_Sonic The Hedgehog 3,2024,0.1111111111111111,0.5444444444444445,0.23333333333333334,0.15555555555555556,0.09999999999999999,0.18888888888888886,0.7333333333333334
2023_The.Little.Mermaid.2023.1080p.WEB-DL.DDP5.1.Atmos.H.264 (v3),2023,0.44166666666666665,0.375,0.6500000000000001,0.35833333333333334,0.4000000000000001,0.5666666666666665,0.7999999999999999
2016_Rogue.One.2016.720p.BluRay.x264-SPARKS,2016,0.5700000000000001,0.7200000000000001,0.6399999999999999,0.43999999999999995,0.32999999999999996,0.6099999999999999,0.8099999999999999
2022_Jurassic World_ Dominion,2022,0.5181818181818182,0.7090909090909091,0.609090909090909,0.4090909090909091,0.3272727272727272,0.618181818181818,0.7999999999999999
2015_Cinderella. 2015. 720p. BluRay. x264-SPARKS,2015,0.49000000000000005,0.31999999999999995,0.6299999999999999,0.36,0.4,0.47000000000000003,0.7699999999999999
2024_A.Quiet.Place.Day.One,2024,0.6,0.6,0.75,0.4,0.3,0.6,0.8
2024_Dune.Part.Two,2024,0.5,0.7,0.6,0.4,0.3,0.5,0.8
2014_Maleficent.2014.720p.BluRay.x264-SPARKS,2014,0.6599999999999999,0.45999999999999996,0.78,0.36000000000000004,0.4,0.64,0.82
2023_The.Super.Mario.Bros.Movie.2023.1080p.MA.WEBRip.DDP5.1.Atmos.x264-CMaRioG,2023,0.2833333333333333,0.6166666666666667,0.4666666666666666,0.31666666666666665,0.3833333333333333,0.48333333333333334,0.75
2012_Brave.2012.720p.BluRay.x264.AC3-HDChina,2012,0.5833333333333334,0.45,0.7333333333333333,0.3833333333333333,0.5,0.6333333333333333,0.8166666666666668
2021_A.Quiet.Place.Part.II.2020.PROPER.1080p.WEB-DL.DDP5.1.Atmos.H264-CMRG,2021,0.5,0.7,0.6,0.35,0.25,0.5,0.8
