subtitle_filename,year,formal_institutions_incl_military,formal_institutions_incl_military_confidence,formal_institutions_excl_military,formal_institutions_excl_military_confidence,military_institutions,military_institutions_confidence,informal_cultural_norms,informal_cultural_norms_confidence,informal_relationships,informal_relationships_confidence,informal_overall,informal_overall_confidence
2015_Minions.2015.720p.BluRay.x264-GECKOS,2015,0.4,0.7,0.35,0.7,0.5,0.65,0.583,0.683,0.717,0.817,0.633,0.783
1999_big. daddy. 1999. 720p. bluray. x264-amiable. EN,1999,0.5,0.608,0.492,0.608,0.508,0.608,0.642,0.75,0.767,0.867,0.708,0.808
2023_Guardians.of.the.Galaxy.Vol.3.2023.1080p.WEB-DL.DDP5.1.Atmos.H.264-CMRG (v2),2023,0.28,0.8,0.2,0.79,0.42,0.72,0.57,0.7,0.68,0.8,0.595,0.79
2009_The.Blind.Side.2009.720p.BluRay.x264.YIFY.eng,2009,0.58,0.713,0.54,0.7,0.62,0.68,0.707,0.807,0.807,0.9,0.79,0.883
1998_Rush Hour 1,1998,0.38,0.75,0.3,0.74,0.52,0.68,0.58,0.68,0.66,0.76,0.585,0.75
1991_Home.Alone.1990.1080p.BluRay.x264-HD1080.ENG,1991,0.5,0.6,0.5,0.6,0.5,0.6,0.675,0.775,0.775,0.875,0.706,0.806
1983_Tootsie,1983,0.513,0.613,0.507,0.613,0.52,0.613,0.633,0.733,0.62,0.72,0.627,0.727
2001_Jurassic.Park.III[2001]DvDrip-aXXo,2001,0.4,0.7,0.35,0.683,0.5,0.65,0.55,0.667,0.633,0.75,0.583,0.733
2022_Black.Panther.Wakanda.Forever.2022.1080p.BluRay.x264.DTS-HD.MA.7.1-MT,2022,0.333,0.775,0.242,0.767,0.483,0.717,0.617,0.733,0.708,0.817,0.629,0.796
1992_waynes.world.1992.DVDRip.XviD.FBM.ENG,1992,0.5,0.589,0.5,0.589,0.5,0.589,0.544,0.633,0.678,0.767,0.611,0.7
1981_Stripes.1981.720p.BluRay.x264-CiNEFiLE,1981,0.545,0.718,0.464,0.691,0.627,0.791,0.582,0.682,0.7,0.782,0.645,0.773
2015_Avengers.Age.of.Ultron.2015.720p.BluRay.x264-SPARKS,2015,0.385,0.738,0.315,0.738,0.508,0.677,0.523,0.677,0.662,0.785,0.569,0.762
2010_dmd-ts3,2010,0.46,0.66,0.44,0.66,0.5,0.62,0.69,0.81,0.79,0.9,0.74,0.85
1999_[HDteam] Austin.Powers.La.Espia.que.me.Achucho.1999.[1080p].[BluRay].[x264].[Dual].[Subs]-by Ruben,1999,0.5,0.6,0.5,0.6,0.5,0.6,0.5,0.6,0.544,0.644,0.522,0.622
2013_Oz.the.Great.and.Powerful.2013.720p.BluRay.x264-SPARKS,2013,0.48,0.63,0.46,0.63,0.5,0.63,0.56,0.66,0.6,0.7,0.575,0.685
1996_101,1996,0.414,0.686,0.357,0.7,0.514,0.629,0.657,0.757,0.771,0.871,0.707,0.814
2001_The.Mummy.Returns.2001.720p.Blu-ray.x264.AC3-CHD.ENG,2001,0.467,0.633,0.45,0.633,0.5,0.617,0.55,0.65,0.717,0.817,0.617,0.733
2000_Scary Movie 1 iNT DvD RiP- WaCkOs,2000,0.264,0.745,0.191,0.745,0.5,0.618,0.373,0.718,0.282,0.773,0.291,0.773
1995_Casper.1995.720p.BluRay.X264-AMIABLE,1995,0.386,0.714,0.329,0.714,0.5,0.657,0.629,0.743,0.743,0.843,0.693,0.821
2018_Black.Panther.2018.720p.BluRay.x264-SPARKS,2018,0.4,0.74,0.35,0.74,0.52,0.69,0.67,0.78,0.73,0.82,0.68,0.81
1977_Looking.For.Mr.Goodbar.ENG.PAL.en,1977,0.327,0.764,0.255,0.764,0.5,0.609,0.373,0.773,0.291,0.809,0.282,0.809
2016_Suicide.Squad.2016.EXTENDED.720p.BluRay.x264-SPARKS,2016,0.35,0.72,0.28,0.72,0.45,0.71,0.46,0.63,0.52,0.68,0.475,0.67
2017_Despicable. Me. 3. 2017. 720p. BluRay. X264-AMIABLE,2017,0.471,0.629,0.457,0.629,0.5,0.614,0.657,0.757,0.771,0.871,0.7,0.807
2003_The.Matrix.Reloaded.2003.720p.HDDVD.DTS.x264-ESiR.ENG,2003,0.33,0.76,0.26,0.76,0.44,0.72,0.57,0.67,0.69,0.79,0.595,0.77
2012_The.Hunger.Games.2012.720p.BluRay.x264.DTS-HDChina.eng,2012,0.337,0.725,0.3,0.725,0.4,0.725,0.538,0.662,0.612,0.725,0.55,0.712
1999_The Blair Witch Project.DVDRip.Occor,1999,0.389,0.711,0.333,0.711,0.5,0.656,0.378,0.778,0.333,0.778,0.317,0.789
1978_Superman.1978.Special.Edition.720p.BluRay.x264.DTS-WiKi.eng,1978,0.5,0.591,0.5,0.591,0.5,0.591,0.5,0.591,0.518,0.609,0.509,0.6
1991_The.Naked.Gun.2.1.2.The.Smell.of.Fear.1991.BluRay.720p.DTS.x264-beAst.eng,1991,0.312,0.775,0.225,0.775,0.487,0.688,0.588,0.688,0.675,0.775,0.594,0.775
1988_Big.1988.Extended.Edition.720p.BluRay.x264.YIFY.eng,1988,0.531,0.631,0.515,0.623,0.546,0.631,0.7,0.8,0.8,0.9,0.754,0.854
2023_Oppenheimer,2023,0.412,0.723,0.35,0.712,0.504,0.696,0.496,0.638,0.535,0.673,0.506,0.671
2024_Inside.Out.2,2024,0.5,0.6,0.5,0.6,0.5,0.6,0.692,0.783,0.792,0.883,0.742,0.833
1999_The.Matrix.1999.720p.HDDVD.DTS.x264-ESiR.ENG,1999,0.189,0.811,0.133,0.811,0.289,0.778,0.567,0.678,0.667,0.767,0.589,0.767
2025_A Complete Unknown,2025,0.462,0.637,0.444,0.637,0.494,0.625,0.681,0.794,0.65,0.762,0.669,0.781
2003_Finding.Nemo.720p.HDTV.DTS.x264-CtrlHD,2003,0.5,0.6,0.5,0.6,0.5,0.6,0.7,0.8,0.8,0.9,0.758,0.858
1989_ARG-LETHAL,1989,0.29,0.8,0.19,0.8,0.48,0.72,0.5,0.69,0.63,0.78,0.55,0.77
1979_Alien.1979.Directors.Cut.720p.BluRay.x264.DTS-WiKi.EN,1979,0.387,0.675,0.363,0.675,0.438,0.65,0.525,0.625,0.487,0.65,0.506,0.65
2006_Talladega.Nights.1080p.BluRay.WMV-HD.BD9-KOADIC.ENG,2006,0.489,0.611,0.483,0.611,0.5,0.606,0.65,0.75,0.722,0.833,0.675,0.783
2021_No.Time.to.Die.1080p.AMZN.WEB-DL.DDP5.1.H.264-CMRG,2021,0.3,0.8,0.2,0.8,0.491,0.709,0.482,0.691,0.636,0.791,0.541,0.782
1992_The Hand That Rocks the Cradle [1992],1992,0.25,0.8,0.175,0.8,0.5,0.6,0.35,0.738,0.3,0.812,0.275,0.8
2009_The.Twilight.Saga.New.Moon.2009.Bluray.1080p.DTSMA.x264.dxva-FraMeSToR.ENG,2009,0.5,0.6,0.5,0.6,0.5,0.6,0.7,0.8,0.767,0.867,0.717,0.817
2004_The.Incredibles.2004.720p.BluRay.X264-AMIABLE.eng,2004,0.236,0.8,0.155,0.8,0.4,0.727,0.618,0.727,0.736,0.845,0.664,0.791
1991_Teenage Mutant Ninja Turtles 2,1991,0.475,0.625,0.463,0.625,0.5,0.612,0.587,0.688,0.738,0.838,0.644,0.756
2003_Chicago.2002.PROPER.1080p.BluRay.x264-LCHD.ENG,2003,0.462,0.615,0.438,0.623,0.5,0.585,0.462,0.623,0.469,0.615,0.454,0.623
1991_Terminator.2.Judgement.Day.Directors.Cut.1991.1080p.HDDVD.DTS.x264-hV.ENG,1991,0.257,0.8,0.157,0.8,0.443,0.757,0.6,0.7,0.7,0.8,0.6,0.8
1984_Terms.of.Endearment.1983.720p.BluRay.X264-AMIABLE,1984,0.469,0.631,0.454,0.631,0.5,0.608,0.638,0.746,0.762,0.869,0.715,0.823
2022_Top.Gun.Maverick.2022.KORSUB.IMAX.1080p.WEBRip.AAC2.0.x264-SHITBOX,2022,0.573,0.8,0.491,0.736,0.709,0.864,0.645,0.745,0.745,0.845,0.714,0.836
2013_The.Hunger.Games.Catching.Fire.2013.IMAX.EDITION.720p.BluRay.x264-PublicHD,2013,0.255,0.8,0.182,0.8,0.355,0.773,0.555,0.709,0.673,0.8,0.582,0.782
1997_Batman.and.Robin.1997.1080p.BluRay.x264-CULTHD.ENG,1997,0.475,0.612,0.463,0.612,0.5,0.6,0.487,0.6,0.512,0.612,0.5,0.6
2001_Monsters.Inc.2001.BluRay.1080p.DTS.x264.dxva-EuReKA.ENG,2001,0.5,0.655,0.482,0.655,0.527,0.627,0.7,0.8,0.8,0.9,0.741,0.85
1984_The.Karate.Kid.1984.1080p.BluRay.x264-CiNEFiLE.ENG,1984,0.46,0.64,0.44,0.64,0.5,0.62,0.69,0.81,0.79,0.9,0.755,0.865
2004_The.Day.After.Tomorrow.2004.1080p.BluRay.x264-MUVI.eng,2004,0.291,0.8,0.191,0.8,0.491,0.7,0.6,0.7,0.7,0.8,0.605,0.8
2024_Deadpool.and.Wolverine,2024,0.473,0.613,0.46,0.613,0.487,0.62,0.52,0.62,0.567,0.667,0.54,0.65
2004_Spider-Man.2.1.2004.720p.BluRay.DTS.x264-ESiR.ENG,2004,0.4,0.711,0.344,0.711,0.5,0.656,0.622,0.733,0.689,0.8,0.628,0.789
1980_Private.Benjamin.1980.720p.HDTVRip.XviD.AC3-RARBG.eng,1980,0.344,0.767,0.256,0.756,0.467,0.767,0.556,0.7,0.522,0.733,0.517,0.733
2014_Transformers.Age.of.Extinction.2014.720p.BluRay.x264-BLOW,2014,0.219,0.8,0.119,0.8,0.35,0.8,0.506,0.656,0.625,0.744,0.547,0.706
2001_Shrek,2001,0.5,0.6,0.5,0.6,0.5,0.6,0.7,0.8,0.789,0.889,0.739,0.839
2016_Finding.Dory.2016.720p.BluRay.X264-AMIABLE,2016,0.5,0.608,0.5,0.608,0.5,0.6,0.715,0.8,0.815,0.9,0.788,0.873
2009_Transformers.Revenge.of.the.Fallen.IMAX.Edition.2009.1080p.BluRay.DTS.x264-DON.ENG,2009,0.412,0.731,0.35,0.712,0.537,0.744,0.55,0.675,0.65,0.756,0.575,0.737
2002_Star.Wars.Episode.II.Attack.of.the.Clones.(2002).DVDRip.XviD-UnSeeN,2002,0.344,0.767,0.256,0.767,0.5,0.733,0.567,0.689,0.689,0.8,0.589,0.789
1986_Star Trek 04 Voyage Home 1986 1280x544.eng,1986,0.467,0.683,0.425,0.675,0.533,0.692,0.65,0.75,0.767,0.867,0.683,0.8
1998_Armageddon.1998.BluRay.1080p.DTSMA.x264.dxva-SuBoXoNe.ENG,1998,0.475,0.615,0.465,0.615,0.49,0.61,0.51,0.605,0.565,0.655,0.535,0.635
1996_Independence.Day.1996.1080p.BluRay.DTS.x264-HDME.ENG,1996,0.479,0.664,0.45,0.65,0.564,0.7,0.536,0.636,0.579,0.671,0.554,0.661
2014_Captain.America.The.Winter.Soldier.2014.720p.BluRay.x264-SPARKS,2014,0.255,0.8,0.155,0.8,0.455,0.745,0.582,0.682,0.682,0.782,0.582,0.764
1987_Beverly.Hills.Cop.II.1987.720p.BluRay.x264.DTS-WiKi.eng,1987,0.3,0.8,0.2,0.8,0.5,0.692,0.567,0.7,0.675,0.792,0.583,0.792
2021_F9. The. Fast. Saga. 2021. THEATRICAL. 1080p. BluRay. x264-RUSTED,2021,0.427,0.673,0.391,0.673,0.473,0.664,0.555,0.655,0.673,0.773,0.614,0.736
1997_George Of The Jungle (1997).en,1997,0.5,0.59,0.5,0.59,0.5,0.59,0.52,0.61,0.66,0.75,0.595,0.685
1996_The.Nutty.Professor.1996.720p.DVD5.HDDVD.x264-hV.English,1996,0.457,0.643,0.436,0.643,0.5,0.607,0.493,0.629,0.607,0.743,0.543,0.693
1988_Who.Framed.Roger.Rabbit.1988.720p.BluRay.x264-HD4U,1988,0.38,0.72,0.32,0.69,0.5,0.64,0.66,0.77,0.74,0.85,0.675,0.81
2009_Up.2009.480p.BRRip.XviD.AC3-ViSiON,2009,0.443,0.657,0.414,0.657,0.5,0.629,0.7,0.8,0.8,0.9,0.757,0.871
1990_The.Hunt.For.Red.October.1990.720p.HDDVD.x264-SiNNERS.ENG,1990,0.482,0.8,0.382,0.782,0.591,0.845,0.627,0.727,0.709,0.809,0.659,0.805
2011_Cars.2.720p.BluRay.x264.REPACK-METiS.eng,2011,0.485,0.646,0.446,0.654,0.538,0.654,0.669,0.769,0.769,0.869,0.677,0.792
2022_Doctor.Strange.in.the.Multiverse.of.Madness.2022.1080p.WEB-DL.DDP5.1.Atmos.H.264,2022,0.35,0.75,0.275,0.75,0.5,0.675,0.525,0.675,0.625,0.75,0.55,0.75
1995_Batman. Forever. 1995. 1080p. BluRay. x264-CULTHD. ENG,1995,0.287,0.8,0.188,0.787,0.487,0.7,0.387,0.725,0.587,0.8,0.487,0.787
1979_Star Trek - The Motion Picture,1979,0.525,0.65,0.512,0.637,0.55,0.675,0.525,0.625,0.65,0.75,0.587,0.7
2025_One.Of.Them.Days,2025,0.336,0.743,0.257,0.75,0.507,0.607,0.457,0.693,0.593,0.786,0.521,0.721
1990_Ghost,1990,0.482,0.591,0.473,0.591,0.5,0.582,0.509,0.618,0.591,0.691,0.55,0.659
1999_Toy.Story.2.1999.DVDRip.XviD-ShitBusters,1999,0.5,0.6,0.5,0.6,0.5,0.6,0.682,0.782,0.791,0.891,0.75,0.85
2010_nedivx-shrek4.en,2010,0.425,0.675,0.388,0.675,0.487,0.637,0.512,0.65,0.6,0.725,0.556,0.688
2002_Austin.Powers.in.Goldmember.2002.720p.BluRay.x264-REVEiLLE.ENG,2002,0.5,0.6,0.5,0.6,0.5,0.6,0.5,0.6,0.567,0.667,0.533,0.633
1987_Fatal Attraction 1987 1080p BluRay Remux AVC TrueHD 5. 1 COMM-KESH. EN 23. 976,1987,0.25,0.7,0.18,0.7,0.5,0.62,0.4,0.7,0.3,0.76,0.32,0.76
2025_Captain.America.Brave.New.World,2025,0.3,0.8,0.2,0.8,0.473,0.727,0.5,0.691,0.645,0.782,0.555,0.764
2018_Jurassic World Fallen Kingdom (2018) 720p English HDCAM-Rip - x264 - MP3 750MB,2018,0.3,0.8,0.2,0.8,0.412,0.775,0.538,0.65,0.637,0.75,0.581,0.744
1992_A LEAGUE OF THEIR OWN [1992][MP3][DVDRIP-M333]-FLAWL3SS,1992,0.5,0.609,0.5,0.609,0.5,0.609,0.7,0.8,0.8,0.9,0.755,0.855
2019_Spider-Man.Far.From.Home.2019.V3.1080p.NEW.HDTC.H264.AC3.ADDS.CUT.BLURRED.Will1869,2019,0.408,0.715,0.346,0.715,0.515,0.669,0.6,0.7,0.723,0.815,0.627,0.781
1985_Police.Academy.2.Their.First.Assignment.1985.720p.BluRay.FLAC.x264-CtrlHD,1985,0.289,0.8,0.189,0.8,0.5,0.7,0.533,0.7,0.667,0.8,0.567,0.789
1977_Saturday.Night.Fever.1977.720p.BluRay.x264-CiNEFiLE.ENG,1977,0.293,0.8,0.2,0.8,0.5,0.679,0.393,0.807,0.293,0.829,0.3,0.821
2010_Avatar.(2009).BDRip.AC3.XviD-D-Z0N3,2010,0.245,0.8,0.191,0.791,0.3,0.8,0.645,0.773,0.691,0.773,0.664,0.773
2010_The.Twilight.Saga.Eclipse.720p.Bluray.x264-CBGB.eng,2010,0.5,0.6,0.5,0.6,0.5,0.6,0.6,0.7,0.75,0.85,0.665,0.765
1990_Die.Hard.2.1990.1080p.BluRay.x264-WPi.ENG,1990,0.25,0.8,0.158,0.8,0.342,0.8,0.508,0.625,0.625,0.733,0.546,0.708
2011_Fast.Five.2011.720p.BluRay.x264.DTS-WiKi.eng,2011,0.3,0.8,0.2,0.8,0.5,0.7,0.6,0.711,0.722,0.822,0.628,0.811
2012_The.Dark.Knight.Rises.2012.720p.BluRay.x264-SPARKS,2012,0.264,0.8,0.164,0.8,0.443,0.75,0.421,0.693,0.593,0.771,0.496,0.764
2012_The.Avengers.2012.DVDRip.X264.AC3-NYDIC,2012,0.458,0.708,0.417,0.717,0.517,0.708,0.542,0.658,0.608,0.717,0.558,0.708
1984_Police.Academy.1984.720p.BluRay.X264-AMIABLE,1984,0.237,0.8,0.137,0.8,0.5,0.7,0.475,0.7,0.637,0.8,0.544,0.787
1984_Romancing.the.Stone.1984.720p.BluRay.x264-ESiR.ENG,1984,0.333,0.767,0.25,0.767,0.417,0.767,0.583,0.683,0.7,0.8,0.65,0.783
1987_Three Men and a Baby,1987,0.5,0.6,0.493,0.607,0.507,0.607,0.586,0.686,0.757,0.843,0.682,0.768
1989_Ghostbusters.II.1989.720p.BluRay.X264-AMIABLE-HI,1989,0.314,0.786,0.214,0.793,0.507,0.7,0.586,0.7,0.693,0.8,0.593,0.793
1977_The.Deep.1977.1080p.BluRay.4xRus.Eng.HDCLUB.ENG,1977,0.357,0.743,0.286,0.743,0.5,0.671,0.514,0.671,0.571,0.729,0.543,0.729
1981_Excalibur,1981,0.443,0.657,0.414,0.643,0.529,0.657,0.557,0.657,0.586,0.686,0.557,0.686
1989_Honey.I.Shrunk.The.Kids.1989.DVDRip.XviD.ENG,1989,0.5,0.6,0.5,0.6,0.5,0.6,0.675,0.775,0.762,0.863,0.719,0.819
2001_Harry.Potter.and.the.Philosophers.Stone.2001.720p.HDDVD.DTS.x264-ESiR.ENG,2001,0.5,0.64,0.5,0.64,0.5,0.6,0.68,0.78,0.77,0.87,0.71,0.81
1980_Coal Miners Daughter (1980) HDTV 2h 4m 8s @23.976fps.ENG-Hi,1980,0.5,0.6,0.5,0.6,0.5,0.6,0.7,0.8,0.8,0.9,0.746,0.846
1993_Few Good Men (1992).DVD.NonHI.pcc.en.CLMB,1993,0.255,0.8,0.155,0.8,0.39,0.8,0.56,0.7,0.565,0.73,0.54,0.73
2025_Sinners,2025,0.446,0.623,0.438,0.615,0.462,0.608,0.492,0.608,0.492,0.615,0.492,0.615
2023_The.Little.Mermaid.2023.1080p.WEB-DL.DDP5.1.Atmos.H.264 (v3),2023,0.5,0.6,0.5,0.6,0.5,0.6,0.65,0.75,0.742,0.842,0.675,0.775
2009_The.Hangover.DVDRip.XviD-DoNE,2009,0.438,0.654,0.415,0.654,0.5,0.608,0.485,0.631,0.6,0.723,0.538,0.669
2006_Happy.Feet.2006.1080p.BD9.x264-IGUANA.ENG,2006,0.5,0.6,0.5,0.6,0.5,0.6,0.7,0.8,0.8,0.9,0.745,0.845
2001_Rush.Hour.2.2001.720p.BluRay.X264-AMIABLE,2001,0.42,0.68,0.38,0.67,0.5,0.64,0.54,0.64,0.6,0.7,0.555,0.69
2015_The.Martian.2015.720p.BluRay.x264-SPARKS,2015,0.662,0.792,0.569,0.769,0.754,0.831,0.7,0.8,0.792,0.885,0.781,0.881
2004_Shrek.2.2004.720p.BluRay.x264-MELiTE.eng,2004,0.44,0.66,0.41,0.66,0.5,0.63,0.65,0.75,0.76,0.86,0.68,0.81
2025_A. Minecraft. Movie,2025,0.5,0.6,0.5,0.6,0.5,0.6,0.544,0.644,0.678,0.778,0.611,0.711
2008_devise-twilight.en,2008,0.5,0.582,0.5,0.582,0.5,0.582,0.5,0.582,0.518,0.6,0.509,0.591
2024_Kung. Fu. Panda. 4,2024,0.5,0.6,0.5,0.6,0.5,0.6,0.54,0.64,0.64,0.74,0.59,0.69
1995_Apollo.13.1995.DVDRip.Xvid.AC3-GoRDo.ENG,1995,0.771,0.871,0.671,0.794,0.871,0.9,0.741,0.8,0.835,0.894,0.829,0.894
2001_Hannibal.2001.1080p.BluRay.x264-iKA.ENG,2001,0.482,0.609,0.473,0.609,0.5,0.6,0.491,0.6,0.509,0.609,0.5,0.6
2022_The.Batman.2022.HDRip.850MB.c1nem4.x264-SUNSCREEN,2022,0.231,0.8,0.131,0.8,0.492,0.631,0.331,0.785,0.462,0.777,0.362,0.785
2020_Bad.Boys.for.Life.2020.1080p.HDRip.X264.AC3-EVO,2020,0.317,0.775,0.225,0.758,0.483,0.708,0.458,0.675,0.625,0.783,0.529,0.742
1980_Nine to Five,1980,0.473,0.618,0.391,0.664,0.5,0.573,0.436,0.673,0.482,0.673,0.455,0.664
2001_Planet.of.the.Apes.2001.BluRay.720p.x264.DTS-MySiLU.eng,2001,0.28,0.8,0.2,0.8,0.38,0.8,0.54,0.64,0.6,0.74,0.56,0.74
2000_Erin Brokovich.2000.BluRay.1080p.x264-HQF.ENG,2000,0.431,0.769,0.346,0.769,0.592,0.662,0.7,0.8,0.777,0.846,0.723,0.808
1982_Rocky III,1982,0.482,0.618,0.473,0.618,0.5,0.609,0.655,0.755,0.764,0.864,0.714,0.814
2000_Meet.the.Parents.2000.HD-DVD-Rip.x264.1080p.DTS-de[42].ENG,2000,0.45,0.65,0.425,0.65,0.5,0.625,0.558,0.658,0.608,0.708,0.579,0.696
2013_Monsters University,2013,0.5,0.6,0.5,0.6,0.5,0.6,0.68,0.78,0.78,0.88,0.72,0.82
2019_Aladdin.2019.720p.WEB-DL.x264.AAC-BonsaiHD,2019,0.45,0.636,0.429,0.636,0.493,0.621,0.55,0.643,0.6,0.7,0.575,0.686
1993_In.the.Line.of.Fire.1993.Blu-ray.720p.x264.DD51-HiS@SiLUHD.ENG,1993,0.322,0.778,0.233,0.756,0.5,0.7,0.411,0.689,0.589,0.778,0.5,0.744
1997_Titanic.1997.720p.BluRay.X264-AMIABLE,1997,0.464,0.629,0.457,0.629,0.486,0.614,0.529,0.629,0.614,0.714,0.568,0.675
2020_Sonic.The.Hedgehog.2020.720p.WEBRip.x264.AAC-.YTS.MX,2020,0.5,0.6,0.5,0.6,0.5,0.6,0.52,0.62,0.61,0.71,0.565,0.665
2022_Minions.The.Rise.Of.Gru.2022.1080p.AMZN.WEB-DL.DDP5.1.H.264-CMRG,2022,0.46,0.64,0.44,0.64,0.5,0.62,0.62,0.72,0.76,0.86,0.68,0.8
1977_The Turning Point 1977 720p BRRip x264-PLAYNOW,1977,0.5,0.6,0.5,0.6,0.5,0.6,0.54,0.64,0.62,0.72,0.58,0.68
2025_Dog.Man,2025,0.5,0.6,0.5,0.6,0.5,0.6,0.5,0.6,0.525,0.625,0.512,0.612
2018_The.Incredibles.2.2018.HDTC.Versions,2018,0.377,0.738,0.308,0.731,0.508,0.669,0.638,0.754,0.738,0.854,0.658,0.812
2018_Jumanji.Welcome.to.the.Jungle.2017.1080p.WEB-DL.DD5.1.H264-FGT,2018,0.5,0.6,0.5,0.6,0.5,0.6,0.667,0.767,0.783,0.883,0.721,0.821
2019_It.Chapter.Two.2019.HDRip.XviD.AC3-EVO,2019,0.443,0.643,0.421,0.643,0.5,0.621,0.5,0.657,0.571,0.7,0.543,0.686
1992_Basic.Instinct.1992.720p.HDDVD.x264-ESiR,1992,0.3,0.8,0.2,0.8,0.5,0.62,0.4,0.71,0.3,0.78,0.3,0.78
1989_Indiana.Jones.And.The.Last.Crusade.(1989).DVDRiP.XViD-DEiTY,1989,0.45,0.65,0.425,0.65,0.5,0.625,0.6,0.7,0.7,0.8,0.631,0.756
1983_Mr. Mom. 1983. DVDRip. x264-NoRBiT,1983,0.5,0.6,0.5,0.6,0.5,0.6,0.62,0.72,0.75,0.85,0.675,0.775
2020_Dolittle.2020.HDRip.800MB.x264-GalaxyRG,2020,0.48,0.64,0.45,0.64,0.52,0.63,0.6,0.71,0.7,0.8,0.635,0.745
1996_The.Rock.1996.CRiTERiON.DVDRip.XviD.AC3-UnSeeN,1996,0.243,0.8,0.15,0.8,0.4,0.8,0.543,0.657,0.65,0.75,0.568,0.736
1989_Parenthood (1989),1989,0.5,0.6,0.5,0.6,0.5,0.6,0.7,0.8,0.792,0.892,0.75,0.85
2011_The. Hangover. Part. II. 2011. 720p. BrRip. x264. YIFY,2011,0.485,0.615,0.477,0.615,0.5,0.608,0.508,0.623,0.585,0.692,0.546,0.662
1996_Ransom,1996,0.336,0.721,0.3,0.721,0.493,0.614,0.421,0.664,0.457,0.7,0.421,0.693
2017_Wonder.Woman.2017.720p.BluRay.x264-SPARKS,2017,0.409,0.673,0.382,0.673,0.455,0.691,0.555,0.709,0.636,0.745,0.577,0.727
2019_Frozen.II.2019.DVDScr.XVID.AC3.HQ.Hive-CM8,2019,0.42,0.69,0.39,0.7,0.46,0.69,0.7,0.81,0.8,0.9,0.73,0.84
1998_Saving.Private.Ryan.720p.HDTV.Premiere.DTS.x264-ESiR,1998,0.333,0.8,0.242,0.783,0.458,0.8,0.625,0.725,0.7,0.8,0.633,0.8
2017_Guardians.of.the.Galaxy.Vol.2.2017.720p.BluRay.x264-SPARKS,2017,0.5,0.6,0.5,0.6,0.5,0.6,0.682,0.782,0.773,0.873,0.709,0.809
2014_The.Amazing.Spider-Man.2.2014.720p.BluRay.x264-BLOW,2014,0.383,0.717,0.325,0.717,0.5,0.658,0.575,0.683,0.642,0.75,0.583,0.737
1989_Rain Man (1988).eng,1989,0.437,0.669,0.406,0.669,0.5,0.631,0.606,0.706,0.712,0.813,0.656,0.772
1997_Air.Force.One.1997.720p.BRrip.x264.YIFY,1997,0.536,0.791,0.445,0.736,0.664,0.809,0.527,0.682,0.618,0.755,0.573,0.727
2024_It.Ends.With.Us,2024,0.333,0.75,0.275,0.75,0.5,0.658,0.375,0.792,0.242,0.883,0.287,0.867
1981_The Four Seasons (1981),1981,0.5,0.6,0.5,0.6,0.5,0.6,0.513,0.613,0.373,0.74,0.443,0.677
1990_Driving Miss Daisy,1990,0.478,0.633,0.467,0.633,0.5,0.611,0.689,0.8,0.8,0.9,0.783,0.894
2004_Shark Tale.en,2004,0.5,0.6,0.5,0.6,0.5,0.6,0.645,0.745,0.755,0.855,0.686,0.786
2021_Venom.Let.There.Be.Carnage.2021.HDRip.XviD.AC3-EVO,2021,0.322,0.767,0.233,0.767,0.489,0.689,0.422,0.678,0.489,0.778,0.433,0.767
2006_Cars.2006.BRRip.XviD.AC3.D-Z0N3,2006,0.5,0.585,0.5,0.585,0.5,0.585,0.5,0.585,0.6,0.677,0.554,0.638
2012_MSAR. EN2,2012,0.5,0.6,0.5,0.6,0.5,0.6,0.678,0.778,0.789,0.889,0.739,0.839
1990_Home.Alone.1990.1080p.BluRay.x264-HD1080.ENG,1990,0.5,0.6,0.5,0.6,0.5,0.6,0.7,0.8,0.787,0.888,0.719,0.819
1994_The.Flintstones.1994.720p.BluRay.x264-TRiPS,1994,0.5,0.6,0.48,0.61,0.5,0.6,0.57,0.67,0.65,0.79,0.62,0.74
2014_The.Lego.Movie.2014.BluRay.720p.x264.DTS-HDWinG,2014,0.443,0.629,0.443,0.629,0.464,0.614,0.643,0.771,0.771,0.879,0.686,0.807
2000_X-Men ;[2000];[1080p];[Shadowl0rd].ENG,2000,0.433,0.667,0.4,0.667,0.5,0.633,0.533,0.633,0.6,0.7,0.558,0.683
2013_Gravity.2013.BluRay.720p.x264.DTS-HDWinG,2013,0.5,0.586,0.5,0.586,0.5,0.586,0.5,0.586,0.5,0.586,0.5,0.586
2024_Ghostbusters.Frozen.Empire,2024,0.5,0.61,0.47,0.63,0.53,0.63,0.62,0.72,0.72,0.82,0.65,0.75
1996_A.Time.To.Kill.1996.1080p.BluRay.x264-VOA,1996,0.294,0.8,0.194,0.8,0.5,0.662,0.519,0.775,0.656,0.806,0.575,0.794
1984_Footloose dvd rip[eng]XviD.Rets.en,1984,0.3,0.8,0.2,0.8,0.5,0.644,0.444,0.789,0.633,0.822,0.544,0.8
2006_Ice.Age.2.The.Meltdown.1080p.BluRay.DTS.x264-ESiR.ENG,2006,0.5,0.6,0.5,0.6,0.5,0.6,0.6,0.7,0.75,0.85,0.683,0.783
2007_Ratatouille.2007.720p.BluRay.DTS.x264-ESiR.ENG,2007,0.5,0.582,0.5,0.582,0.5,0.582,0.536,0.618,0.573,0.655,0.555,0.636
2021_Spider-Man,2021,0.333,0.753,0.253,0.753,0.493,0.673,0.607,0.74,0.72,0.84,0.653,0.813
1988_Beetle.Juice.1988.720p.BluRay.x264-REVEiLLE.ENG,1988,0.475,0.625,0.463,0.625,0.5,0.612,0.562,0.662,0.725,0.825,0.644,0.744
1990_Dick.Tracy.1990.DVDRip.INTERNAL.XviD-VH-PROD,1990,0.433,0.658,0.4,0.658,0.5,0.608,0.45,0.642,0.483,0.658,0.458,0.65
1999_Runaway Bride (1999) [BluRay] [1080p] [YTS.AM].eng,1999,0.5,0.6,0.5,0.6,0.5,0.6,0.686,0.786,0.793,0.893,0.725,0.825
2024_Bad.Boys.Ride.Or.Die,2024,0.336,0.764,0.255,0.764,0.5,0.682,0.527,0.682,0.673,0.8,0.582,0.764
2005_Harry.Potter.and.the.Goblet.of.Fire.2005.720p.HDDVD.DTS.x264-ESiR.ENG,2005,0.5,0.633,0.5,0.633,0.5,0.633,0.55,0.675,0.642,0.75,0.592,0.708
1994_Clear.And.Present.Danger.1994.1080p.HDDVD.x264-hV.ENG,1994,0.33,0.76,0.24,0.75,0.48,0.74,0.47,0.63,0.53,0.69,0.495,0.675
1995_Crimson.Tide.1995.1080p.Bluray.x264-FSiHD.ENG,1995,0.292,0.8,0.192,0.792,0.431,0.823,0.538,0.638,0.623,0.731,0.558,0.715
1985_Back.To.The.Future.1985.720p.BluRay.x264.DTS-WiKi.eng,1985,0.518,0.618,0.509,0.618,0.527,0.618,0.7,0.8,0.791,0.891,0.736,0.836
2010_Alice.In.Wonderland.2010.Bluray.1080p.DTSHD-MA.x264.dxva-FraMeSToR.ENG,2010,0.414,0.671,0.371,0.671,0.486,0.643,0.543,0.671,0.586,0.686,0.543,0.686
2010_timpe-inception,2010,0.414,0.757,0.364,0.75,0.507,0.707,0.621,0.736,0.679,0.786,0.629,0.786
1979_Rocky II,1979,0.5,0.6,0.5,0.6,0.5,0.6,0.7,0.8,0.8,0.9,0.75,0.85
2009_Monsters Vs Aliens[2009]DvDrip-aXXo,2009,0.475,0.737,0.438,0.712,0.587,0.787,0.65,0.75,0.713,0.812,0.65,0.8
2024_Wicked,2024,0.407,0.671,0.379,0.671,0.457,0.636,0.55,0.671,0.621,0.721,0.575,0.707
1995_Toy Story,1995,0.5,0.6,0.5,0.6,0.5,0.6,0.68,0.78,0.79,0.89,0.735,0.835
2002_Ice Age.English,2002,0.5,0.6,0.5,0.6,0.5,0.6,0.62,0.72,0.76,0.86,0.69,0.79
1998_Deep Impact (1998),1998,0.355,0.764,0.282,0.764,0.518,0.718,0.591,0.691,0.618,0.773,0.582,0.773
2007_POTC 3 - At Worlds End (2007) 720p BluRay AC3 x264 - AdiT.english,2007,0.291,0.8,0.191,0.8,0.391,0.8,0.6,0.7,0.7,0.8,0.605,0.8
1978_Grease,1978,0.5,0.6,0.5,0.6,0.5,0.6,0.609,0.709,0.727,0.827,0.664,0.764
1991_The.Addams.Family.1991.720p.BluRay.X264-AMIABLE,1991,0.5,0.6,0.5,0.6,0.5,0.6,0.643,0.743,0.771,0.871,0.729,0.829
2014_Big.Hero.6.2014.720p.BluRay.x264-SPARKS,2014,0.475,0.625,0.463,0.625,0.5,0.612,0.7,0.812,0.8,0.9,0.756,0.856
1992_ARG-LETHAL,1992,0.346,0.769,0.254,0.762,0.515,0.692,0.585,0.685,0.692,0.792,0.615,0.785
2016_Captain.America.Civil.War.2016.720p.BluRay.X264-AMIABLE,2016,0.3,0.8,0.2,0.8,0.458,0.742,0.575,0.692,0.675,0.783,0.592,0.775
1993_The.Firm.1993.720p.BluRay.X264-AMIABLE,1993,0.167,0.807,0.087,0.807,0.433,0.633,0.307,0.753,0.38,0.76,0.293,0.76
1987_Platoon 1986 H264 Special Edition DVDRip,1987,0.278,0.778,0.189,0.756,0.367,0.778,0.4,0.711,0.422,0.722,0.378,0.722
2017_Star.Wars.The.Last.Jedi.2017.720p.BluRay.x264-SPARKS,2017,0.3,0.8,0.2,0.8,0.4,0.8,0.578,0.689,0.678,0.789,0.594,0.789
2018_Solo.A.Star.Wars.Story.2018.720p.BluRay.x264.DTS-HDC,2018,0.317,0.783,0.225,0.783,0.408,0.775,0.592,0.692,0.667,0.783,0.587,0.775
1993_Sleepless In Seattle (1993).DVD.NonHI.pcc.en.TRSTR,1993,0.5,0.6,0.5,0.6,0.5,0.6,0.65,0.75,0.775,0.875,0.717,0.817
2003_Bad.Boys.II.2003.720p.BluRay.X264-AMIABLE,2003,0.375,0.731,0.306,0.713,0.5,0.681,0.463,0.675,0.612,0.763,0.537,0.725
2006_Over.The.Hedge[2006]DvDrip.AC3[Eng]-aXXo,2006,0.471,0.629,0.457,0.629,0.5,0.614,0.614,0.714,0.757,0.857,0.686,0.786
1981_Superman.II.The.Richard.Donner.Cut.1980.720p.BluRay.x264.DTS-WiKi.eng,1981,0.244,0.778,0.189,0.778,0.333,0.756,0.544,0.644,0.589,0.7,0.544,0.689
1981_History.Of.The.World.Part.I.1981.1080p.BluRay.x264-CiNEFiLE.ENG,1981,0.456,0.633,0.433,0.633,0.489,0.622,0.467,0.633,0.5,0.622,0.478,0.639
2008_Iron.Man[2008]DvDrip-aXXo.en,2008,0.408,0.683,0.367,0.683,0.458,0.675,0.508,0.608,0.55,0.658,0.529,0.642
1987_Predator.1987.DVDRip.XviD.ShitBusters.ENG,1987,0.4,0.675,0.35,0.65,0.45,0.675,0.5,0.575,0.5,0.625,0.487,0.625
1998_Good.Will.Hunting.1997.BluRay.1080p.DTS.h264.REMUX.dxva-EuReKA.ENG,1998,0.453,0.665,0.418,0.671,0.506,0.641,0.676,0.794,0.776,0.882,0.729,0.847
1994_The.Santa.Clause.1994.DVDRip.XviD.iNTERNAL-iLs,1994,0.5,0.6,0.5,0.6,0.5,0.6,0.682,0.782,0.755,0.855,0.714,0.814
1995_Ace.Ventura.When.Nature.Calls.1995.720p.BluRay.X264-AMIABLE,1995,0.429,0.629,0.429,0.629,0.429,0.629,0.557,0.657,0.643,0.743,0.6,0.7
1988_Crocodile. Dundee. II. 1988. 720p. BluRay. x264-PSYCHD,1988,0.471,0.629,0.457,0.629,0.5,0.614,0.657,0.757,0.771,0.871,0.721,0.836
1997_The.Lost.World.Jurassic.Park.1997.m-HD.AAC.Roboris.eng,1997,0.322,0.778,0.233,0.778,0.478,0.7,0.556,0.689,0.656,0.778,0.578,0.778
2024_Beetlejuice,2024,0.46,0.64,0.44,0.64,0.5,0.62,0.56,0.66,0.64,0.74,0.59,0.71
2025_Snow.White,2025,0.5,0.6,0.489,0.611,0.511,0.611,0.567,0.667,0.622,0.722,0.594,0.694
2016_Batman.v.Superman.Dawn.of.Justice.2016.EXTENDED.720p.BluRay.x264-SPARKS,2016,0.245,0.8,0.164,0.8,0.391,0.782,0.491,0.645,0.6,0.736,0.527,0.714
1992_Under.Siege.1992.1080p.Bluray.x264-Q.ENG,1992,0.15,0.8,0.075,0.8,0.312,0.8,0.45,0.65,0.55,0.688,0.469,0.675
2007_Harry.Potter.and.the.Order.of.the.Phoenix.2007.720p.BluRay.DTS.x264-ESiR.ENG,2007,0.291,0.8,0.191,0.8,0.491,0.7,0.6,0.709,0.7,0.809,0.609,0.809
2021_Shang-Chi. And. The. Legend. Of. The. Ten. Rings. 2021. 1080p. BluRay. x264-VETO,2021,0.344,0.756,0.267,0.756,0.467,0.711,0.689,0.822,0.744,0.844,0.728,0.833
1996_The.Birdcage.1996.720p.BluRay.X264-AMIABLE-HI,1996,0.5,0.6,0.5,0.6,0.5,0.6,0.685,0.785,0.792,0.892,0.742,0.842
2006_Casino.Royale.2006.DVD9.720p.BluRay.DTS.x264-REVEiLLE.ENG,2006,0.3,0.8,0.2,0.8,0.5,0.7,0.4,0.7,0.525,0.8,0.462,0.762
2005_Mr.And.Mrs.Smith.2005.1080p.BluRay.x264-TiMELORDS.ENG,2005,0.35,0.725,0.312,0.725,0.487,0.662,0.45,0.662,0.487,0.725,0.462,0.712
2012_TED 2012 TS XViD - INSPiRAL,2012,0.5,0.6,0.5,0.6,0.5,0.6,0.5,0.6,0.65,0.75,0.575,0.675
1992_Home Alone 2,1992,0.5,0.6,0.5,0.6,0.5,0.6,0.678,0.778,0.756,0.856,0.711,0.811
1999_The.Mummy.1999.Blu-ray.720p.x264.DTS-CHD.ENG,1999,0.325,0.775,0.237,0.775,0.5,0.688,0.588,0.688,0.7,0.8,0.6,0.787
1988_Good Morning Vietnam,1988,0.3,0.8,0.2,0.8,0.4,0.8,0.6,0.7,0.689,0.794,0.622,0.794
2002_[TLOTR]The.Two.Towers.CD1[2002][Special.Extended.Edition]DvDrip[Eng]-aXXo,2002,0.471,0.671,0.443,0.671,0.5,0.686,0.629,0.757,0.7,0.814,0.65,0.779
2008_Kung.Fu.Panda[2008]DvDrip-aXXo.en,2008,0.5,0.6,0.5,0.6,0.5,0.6,0.557,0.657,0.586,0.686,0.579,0.679
1986_The Color Purple,1986,0.34,0.76,0.26,0.76,0.5,0.6,0.34,0.8,0.34,0.84,0.3,0.82
2008_Horton Hears a Who![2008]DvDrip AC3[Eng]-FXG,2008,0.5,0.6,0.5,0.6,0.5,0.6,0.6,0.675,0.612,0.687,0.606,0.681
2018_The.Grinch.2018.1080p.WEB-DL.X264.DD5.1-SeeHD,2018,0.5,0.589,0.5,0.589,0.5,0.589,0.533,0.611,0.589,0.667,0.561,0.639
2025_Nosferatu,2025,0.289,0.789,0.2,0.789,0.489,0.689,0.467,0.744,0.589,0.8,0.511,0.789
2020_Birds.of.Prey.And.the.Fantabulous.Emancipation.of.One.Harley.Quinn.2020.HC.720p.HDRip.800M,2020,0.32,0.78,0.23,0.77,0.5,0.63,0.55,0.7,0.68,0.8,0.595,0.77
2017_Spider-Man.Homecoming.2017.720p.BluRay.x264-SPARKS,2017,0.429,0.714,0.364,0.714,0.521,0.664,0.579,0.693,0.686,0.786,0.614,0.764
1982_Porkys,1982,0.208,0.783,0.142,0.783,0.5,0.625,0.342,0.75,0.483,0.783,0.383,0.775
2022_Jurassic World,2022,0.373,0.727,0.309,0.727,0.445,0.673,0.545,0.655,0.655,0.755,0.577,0.736
1981_Bustin Loose (1981) - LordSadler,1981,0.367,0.725,0.3,0.725,0.5,0.642,0.583,0.725,0.725,0.842,0.683,0.804
1990_Pretty.Woman.1990.720p.BluRay.x264-AVS720.eng,1990,0.5,0.613,0.493,0.607,0.507,0.607,0.7,0.8,0.793,0.893,0.75,0.85
2023_Spider Man Across the Spider Verse 2023 1080p V3 NEW No Chew Edition HDTS Video X264 Will1869,2023,0.5,0.6,0.5,0.6,0.5,0.6,0.567,0.667,0.687,0.787,0.623,0.723
1991_Sleeping.with.the.Enemy.1991.720p.BluRay.x264-HD4U-eng,1991,0.15,0.8,0.133,0.8,0.5,0.617,0.35,0.8,0.25,0.867,0.267,0.85
1984_Beverly.Hills.Cop.1984.720p.BluRay.x264.DTS-WiKi.eng,1984,0.46,0.65,0.4,0.68,0.54,0.65,0.53,0.65,0.66,0.77,0.585,0.705
2001_The.Lord.of.the.Rings.The.Fellowship.of.the.Ring.Extended.Editions.2001.1080p.BluRay.x264.,2001,0.5,0.6,0.5,0.6,0.5,0.6,0.686,0.786,0.779,0.879,0.714,0.814
2004_The.Passion.Of.The.Christ.2004.DVDRip.AC3.XviD-OS.iLUMiNADOS.ENG,2004,0.2,0.8,0.1,0.8,0.4,0.7,0.65,0.825,0.75,0.85,0.7,0.85
2006_X-Men.The.Last.Stand.PROPER.DVDRip.XviD-DoNEINGLES,2006,0.3,0.8,0.2,0.8,0.4,0.8,0.567,0.683,0.667,0.783,0.617,0.783
1986_Ruthless.People.1986.German.DL.720p.HDTV.DD5.1.x264.eng,1986,0.27,0.8,0.19,0.8,0.5,0.61,0.38,0.71,0.56,0.79,0.46,0.73
1986_Top Gun,1986,0.625,0.8,0.55,0.75,0.75,0.875,0.662,0.762,0.762,0.863,0.75,0.863
1986_Aliens.1986.Special.Edition.720p.BluRay.x264.DTS-WiKi.EN,1986,0.275,0.8,0.183,0.8,0.442,0.767,0.592,0.692,0.708,0.808,0.625,0.8
2024_Mufasa.The.Lion.King,2024,0.517,0.617,0.508,0.608,0.525,0.617,0.683,0.783,0.792,0.892,0.733,0.833
1984_Ghostbusters.1984.SE.DVDRip.XviD-UnSeeN.en,1984,0.44,0.66,0.4,0.67,0.51,0.64,0.61,0.71,0.69,0.78,0.63,0.76
1982_Arthur.1981.DudleyMoore(Huey),1982,0.5,0.6,0.5,0.6,0.5,0.6,0.5,0.6,0.522,0.622,0.511,0.611
1991_City.Slickers.1991.1080p.X264.BluRay.X264-AMIABLE,1991,0.5,0.6,0.5,0.6,0.5,0.6,0.685,0.785,0.769,0.869,0.727,0.827
1982_The Best Little Whorehouse In Texas - 1982,1982,0.386,0.729,0.329,0.721,0.521,0.636,0.521,0.7,0.643,0.771,0.571,0.743
2012_The.Hobbit.An.Unexpected.Journey.2012.720p.BluRay.x264-SPARKS.eng,2012,0.483,0.617,0.492,0.617,0.475,0.617,0.642,0.742,0.7,0.8,0.671,0.775
1981_the cannonball run eng bluray,1981,0.445,0.645,0.4,0.664,0.518,0.636,0.6,0.7,0.682,0.782,0.632,0.75
2010_How.to.Train.Your.Dragon.(2010).BDRip.AC3.XviD-CaLLiOpeD,2010,0.5,0.6,0.5,0.6,0.5,0.6,0.671,0.771,0.757,0.857,0.714,0.814
2007_The.Simpsons.Movie[2007]DvDrip.AC3[Eng]-aXXo,2007,0.2,0.8,0.125,0.8,0.375,0.725,0.525,0.688,0.637,0.762,0.562,0.75
2020_The Call of the Wild.2020.HDRip.XviD.AC3-EVO,2020,0.5,0.6,0.5,0.6,0.5,0.6,0.55,0.65,0.55,0.65,0.55,0.65
2024_Godzilla.x.Kong.The.New.Empire,2024,0.5,0.6,0.5,0.6,0.5,0.6,0.614,0.714,0.729,0.829,0.643,0.743
1983_Octopussy.1983.DVD5.720p.HDTV.x264-NBS.eng,1983,0.386,0.743,0.314,0.729,0.471,0.729,0.557,0.657,0.629,0.729,0.564,0.729
2007_I.Am.Legend[2007]DvDrip[Eng]-aXXo.en,2007,0.16,0.8,0.1,0.8,0.26,0.78,0.48,0.66,0.5,0.76,0.48,0.7
2003_Elf.2003.BDRE.720p.x264.AC3-SiLUHD.ENG,2003,0.5,0.6,0.5,0.6,0.5,0.6,0.5,0.6,0.5,0.6,0.5,0.6
2008_TheDarkKnight,2008,0.219,0.8,0.144,0.8,0.488,0.675,0.337,0.8,0.456,0.8,0.362,0.8
1994_True.Lies.1994.720p.DTheater.DD5.1.x264-EbP,1994,0.58,0.79,0.49,0.77,0.7,0.84,0.58,0.7,0.67,0.78,0.645,0.785
2005_Wedding.Crashers.2005.UNRATED.1080p.BluRay.x264-CiNEFiLE.ENG,2005,0.418,0.682,0.376,0.682,0.5,0.635,0.471,0.653,0.412,0.694,0.424,0.688
1984_Star Trek 03 Search For Spock 1984 1280x544.eng,1984,0.357,0.771,0.286,0.771,0.486,0.743,0.629,0.729,0.743,0.843,0.65,0.8
1986_Back to School (1986).ENG,1986,0.467,0.642,0.425,0.658,0.525,0.633,0.567,0.683,0.6,0.708,0.583,0.704
2016_Zootopia.2016.720p.BluRay.x264-SPARKS,2016,0.45,0.8,0.35,0.783,0.575,0.692,0.667,0.8,0.75,0.85,0.683,0.8
1983_WarGames.1983.1080p.BluRay.H264.AAC-RARBG.Hi,1983,0.245,0.8,0.164,0.8,0.382,0.791,0.564,0.682,0.664,0.773,0.586,0.764
1982_Poltergeist.1982.1080p.BluRay.x264-iKA.ENG,1982,0.5,0.6,0.5,0.6,0.5,0.6,0.5,0.6,0.557,0.657,0.529,0.629
1987_Stakeout (ENG),1987,0.473,0.6,0.455,0.609,0.509,0.591,0.482,0.6,0.491,0.6,0.482,0.6
2003_Bruce.Almighty.2003.[1280x694].23.976fps.720p.BRRip.x264-ENG,2003,0.445,0.655,0.418,0.655,0.5,0.627,0.509,0.655,0.6,0.755,0.545,0.709
2014_Maleficent.2014.720p.BluRay.x264-SPARKS,2014,0.44,0.64,0.42,0.64,0.46,0.64,0.56,0.66,0.64,0.74,0.6,0.71
1999_Walt Disney Tarzan(1999) XviD avi DVDrip,1999,0.45,0.633,0.433,0.633,0.467,0.633,0.717,0.8,0.817,0.9,0.792,0.875
2015_American.Sniper.2014.720p.BluRay.x264-SPARKS,2015,0.577,0.8,0.477,0.708,0.731,0.885,0.585,0.692,0.6,0.738,0.592,0.75
1982_Indiana.Jones.And.The.Raiders.Of.The.Lost.Ark.(1981).DVDrip.Xvid-DEiTY,1982,0.5,0.767,0.45,0.767,0.583,0.767,0.683,0.783,0.7,0.8,0.683,0.8
2004_The.Bourne.Supremacy.2004.720p.BluRay.DTS.x264-ESiR,2004,0.3,0.783,0.2,0.783,0.483,0.717,0.55,0.7,0.667,0.8,0.575,0.783
1998_dr,1998,0.5,0.6,0.5,0.6,0.5,0.6,0.5,0.6,0.536,0.636,0.518,0.618
2004_National.Treasure.2004.BluRay.1080p.DTS.x264.dxva-EuReKA.ENG,2004,0.517,0.65,0.492,0.633,0.55,0.642,0.533,0.633,0.575,0.667,0.558,0.658
1978_Heaven.Can.Wait.1978.(El.Cielo.Puede.Esperar).DVDRip.XviD.MP3.Dual.ENG-ESP.English,1978,0.482,0.609,0.473,0.609,0.5,0.6,0.509,0.627,0.664,0.773,0.586,0.695
2011_Rise.of.the.Planet.of.the.Apes.2011.BluRay.1080p.DTS.x264-CHD,2011,0.26,0.8,0.18,0.8,0.42,0.72,0.6,0.7,0.7,0.8,0.62,0.8
2004_H.P.3-Prisoner.Of.Azkaban[2004]DvDrip-aXXo,2004,0.483,0.625,0.475,0.625,0.5,0.608,0.575,0.675,0.675,0.775,0.612,0.721
1989_Dead Poets Society 1989 ENG 25fps SDH utf-8,1989,0.282,0.794,0.194,0.794,0.424,0.706,0.694,0.882,0.747,0.882,0.75,0.882
2002_Signs.2002.720p.BluRay.x264.DTS-HDChina.eng,2002,0.414,0.686,0.371,0.686,0.5,0.643,0.586,0.686,0.729,0.829,0.65,0.779
2015_The.Hunger.Games.Mockingjay.Part.2.2015.720p.BluRay.x264-SPARKS,2015,0.28,0.8,0.18,0.8,0.38,0.8,0.58,0.71,0.69,0.8,0.59,0.8
1982_E.T.The.Extra-Terrestrial.1982.720p.BluRay.X264-AMIABLE,1982,0.5,0.617,0.5,0.617,0.5,0.617,0.7,0.8,0.8,0.9,0.758,0.858
2005_Charlie.and.the.Chocolate.Factory.2005.BluRay.1080p.DTS.x264.dxva-wsp.ENG,2005,0.5,0.6,0.5,0.6,0.5,0.6,0.589,0.689,0.744,0.844,0.672,0.772
1985_The.Goonies.1985.720p.BluRay.DTS.x264-ESiR.ENG,1985,0.48,0.62,0.47,0.62,0.5,0.61,0.66,0.77,0.78,0.88,0.725,0.825
1999_Star Wars Episode I The Phantom Menace eng,1999,0.373,0.745,0.3,0.736,0.509,0.682,0.6,0.7,0.691,0.782,0.614,0.773
2000_Mission.Impossible.II.2000.720p.BluRay.DTS.x264-ESiR.ENG,2000,0.3,0.8,0.2,0.8,0.5,0.7,0.457,0.7,0.629,0.8,0.529,0.786
2015_Cinderella. 2015. 720p. BluRay. x264-SPARKS,2015,0.5,0.59,0.5,0.59,0.5,0.59,0.63,0.71,0.62,0.76,0.61,0.72
2013_Fast.And.Furious.6.2013.1080p.WEB-DL.H264-BLUEBIRD,2013,0.38,0.73,0.31,0.73,0.51,0.68,0.63,0.74,0.74,0.84,0.665,0.815
1986_Ferris.Buellers.Day.Off.1986.1080p.BluRay.x264-CiNEFiLE.ENG,1986,0.411,0.689,0.367,0.689,0.5,0.611,0.633,0.744,0.733,0.844,0.672,0.783
1992_Batman.Returns.1992.1080p.BluRay.x264-CiNEFiLE.ENG,1992,0.225,0.8,0.125,0.8,0.425,0.7,0.325,0.775,0.462,0.763,0.362,0.787
1985_Rambo Acorralado II (1985)1080p-Dual-momos-[.HDG].ENG,1985,0.15,0.825,0.075,0.825,0.375,0.775,0.5,0.7,0.65,0.8,0.55,0.775
1993_The.Fugitive.1993.Blu-ray.Re.x264.1080p.DTS-HDS.ENG,1993,0.289,0.8,0.189,0.8,0.5,0.7,0.533,0.7,0.667,0.8,0.572,0.8
1997_My.Best.Friends.Wedding.1997.BDRip.X264-TLF,1997,0.5,0.6,0.5,0.6,0.5,0.6,0.678,0.778,0.789,0.889,0.717,0.817
1985_Rocky IV,1985,0.3,0.8,0.233,0.8,0.422,0.767,0.611,0.711,0.711,0.811,0.617,0.811
2005_Batman.Begins.2005.1080p.HDDVD.x264-hV.ENG,2005,0.282,0.8,0.2,0.8,0.5,0.691,0.445,0.745,0.609,0.8,0.509,0.8
2007_Shrek.the.Third.(2007).DVDRip.AC3.XviD-UnSeeN,2007,0.475,0.625,0.463,0.625,0.487,0.613,0.688,0.787,0.787,0.888,0.7,0.812
2001_Pearl.Harbor.2001.DVD9.720p.BluRay.x264-hV,2001,0.512,0.775,0.431,0.712,0.644,0.844,0.587,0.687,0.681,0.8,0.641,0.775
2005_Hitch.2005.WS.DVDRiP.XViD-CCTV.en,2005,0.5,0.6,0.5,0.6,0.5,0.6,0.6,0.7,0.733,0.833,0.658,0.758
2016_Deadpool,2016,0.46,0.63,0.44,0.63,0.48,0.62,0.5,0.6,0.5,0.62,0.5,0.615
2004_The.Polar.Express.2004.BluRay.1080p.DTS.x264.dxva-EuReKA.ENG,2004,0.5,0.6,0.5,0.6,0.5,0.6,0.633,0.733,0.7,0.8,0.683,0.783
1997_Liar Liar,1997,0.4,0.689,0.356,0.689,0.5,0.6,0.478,0.644,0.578,0.711,0.533,0.678
1997_Men.In.Black.1997.1080p.Blu-ray.AVC.DTS-HD.MA.5.1-CHDBits.english,1997,0.633,0.733,0.567,0.722,0.7,0.778,0.622,0.711,0.689,0.767,0.678,0.756
2024_Despicable.Me,2024,0.5,0.6,0.5,0.6,0.5,0.6,0.5,0.6,0.575,0.675,0.538,0.637
2006_Superman.Returns.2006.1080p.BluRay.x264-HANGOVER.ENG,2006,0.475,0.637,0.463,0.637,0.512,0.637,0.588,0.688,0.662,0.763,0.613,0.725
2010_despicable.me.dvdrip.xvid-imbt.en,2010,0.5,0.6,0.5,0.6,0.5,0.6,0.5,0.6,0.633,0.733,0.567,0.667
1980_Kramer.vs.Kramer.BluRay.1080p.DTS.x264.dxva-EuReKA.ENG,1980,0.445,0.655,0.418,0.655,0.5,0.618,0.564,0.682,0.6,0.755,0.586,0.727
1996_Mission.Impossible.1996.720p.BluRay.DD.x264-ESiR.ENG,1996,0.4,0.7,0.35,0.7,0.5,0.65,0.45,0.65,0.55,0.683,0.5,0.667
2011_Transformers.Dark.Of.The.Moon.2011.BluRay.720p.DTS.x264-CHD.eng,2011,0.319,0.794,0.219,0.781,0.469,0.763,0.525,0.65,0.594,0.75,0.541,0.738
2008_Indiana.Jones.And.The.Kingdom.Of.The.Crystal.Skull[2008]DvDrip-aXXo.en,2008,0.4,0.7,0.35,0.7,0.5,0.65,0.575,0.675,0.688,0.787,0.612,0.756
2014_X-Men.Days.of.Future.Past.2014.720p.BluRay.X264-AMIABLE,2014,0.267,0.8,0.167,0.8,0.367,0.8,0.556,0.7,0.667,0.789,0.594,0.778
2024_Twisters,2024,0.392,0.708,0.331,0.715,0.508,0.646,0.631,0.738,0.7,0.808,0.642,0.796
1980_SW.Episode.5.The.Empire.Strikes.Back.1980.BluRay.1080p.DTSES6.1.x264-CHD.eng,1980,0.389,0.722,0.344,0.722,0.444,0.722,0.556,0.656,0.7,0.8,0.606,0.756
1986_Out.Of.Africa.1985.REMASTERED.720p.BluRay.DTS.x264-PublicHD,1986,0.48,0.63,0.47,0.63,0.49,0.63,0.69,0.79,0.79,0.89,0.73,0.84
2008_Hancock.720p.BluRay.x264-REFiNED.ENG,2008,0.367,0.744,0.278,0.744,0.522,0.678,0.522,0.689,0.644,0.778,0.589,0.767
1988_Moonstruck.1987.DVDRip.XviD-Shoo.ENG,1988,0.5,0.6,0.5,0.6,0.5,0.6,0.7,0.8,0.8,0.9,0.756,0.856
2022_Avatar The Way of Water (2022) 1080p BluRay AVC REMUX DTS-HD,2022,0.217,0.8,0.175,0.8,0.25,0.825,0.667,0.775,0.758,0.85,0.704,0.817
2017_The.Fate.of.the.Furious.2017.720p.BluRay.x264-SPARKS,2017,0.336,0.764,0.255,0.755,0.482,0.7,0.564,0.682,0.7,0.809,0.618,0.773
1986_The. Karate. Kid. Part. II. 1986. 1080p. BluRay. x264-LCHD. ENG,1986,0.5,0.614,0.486,0.614,0.514,0.614,0.7,0.8,0.8,0.886,0.757,0.857
1988_Die.Hard.1988.Bluray.1080p.DTSMA.x264.dxva-FraMeSToR.ENG,1988,0.34,0.79,0.25,0.79,0.51,0.71,0.59,0.71,0.7,0.8,0.605,0.8
2013_Frozen.2013.720p.BluRay.x264-SPARKS,2013,0.5,0.6,0.5,0.6,0.5,0.6,0.7,0.8,0.78,0.88,0.72,0.82
2009_Avatar.(2009).BDRip.AC3.XviD-D-Z0N3,2009,0.245,0.8,0.191,0.791,0.3,0.8,0.591,0.8,0.7,0.773,0.618,0.809
1977_Oh God  Dvdrip Xvid-OlFa,1977,0.483,0.617,0.475,0.617,0.5,0.608,0.592,0.692,0.608,0.708,0.592,0.7
1998_The.Waterboy.1998.INTERNAL.DVDRip.XViD-BeRRa,1998,0.48,0.62,0.47,0.62,0.5,0.61,0.69,0.8,0.78,0.89,0.735,0.845
1982_An.Officer.and.a.Gentleman.1982.720p.BluRay.X264-AMIABLE,1982,0.3,0.8,0.2,0.764,0.464,0.8,0.491,0.7,0.509,0.791,0.495,0.718
1988_Coming.To.America.1988.1080p.BluRay.x264-Japhson.ENG,1988,0.5,0.6,0.5,0.6,0.5,0.6,0.7,0.8,0.8,0.9,0.75,0.85
2021_Eternals.2021.1080p.WEB-DL.DDP5.1.H.264-EVO.v2,2021,0.4,0.7,0.35,0.7,0.46,0.69,0.53,0.65,0.65,0.76,0.575,0.73
2000_What.Lies.Beneath.2000.720p.WEB-DL.DD5.1.H.264-ViGi,2000,0.414,0.657,0.371,0.657,0.5,0.6,0.457,0.643,0.3,0.8,0.357,0.729
1983_Risky.Business.1983.PROPER.1080p.BluRay.x264-TFiN.ENG,1983,0.4,0.7,0.35,0.7,0.5,0.6,0.45,0.65,0.6,0.75,0.525,0.7
2000_How.the.Grinch.Stole.Christmas.2000.REMASTERED.720p.BluRay.X264-AMIABLE,2000,0.5,0.6,0.5,0.6,0.5,0.6,0.688,0.775,0.75,0.838,0.706,0.794
2003_TLOTR.The.Return.of.the.King.2003.Extended.BluRay.1080p.DTSES6.1.x264-CHD.eng,2003,0.355,0.755,0.273,0.745,0.473,0.745,0.636,0.755,0.718,0.818,0.645,0.809
1985_Beverly. Hills. Cop. 1984. 720p. BluRay. x264. DTS-WiKi. eng,1985,0.46,0.65,0.39,0.69,0.55,0.66,0.54,0.66,0.68,0.79,0.595,0.715
2013_Man.Of.Steel.2013.720p.BluRay.x264-Felony,2013,0.322,0.789,0.233,0.789,0.456,0.778,0.578,0.678,0.678,0.778,0.606,0.778
1980_The.Blues.Brothers.1980.EXTENDED.720p.BluRay.X264-AMIABLE,1980,0.46,0.63,0.44,0.63,0.5,0.61,0.5,0.64,0.56,0.68,0.53,0.66
1981_Endless.Love,1981,0.344,0.756,0.267,0.756,0.5,0.644,0.489,0.744,0.589,0.811,0.539,0.772
2016_Rogue.One.2016.720p.BluRay.x264-SPARKS,2016,0.24,0.8,0.19,0.8,0.34,0.8,0.59,0.7,0.69,0.8,0.605,0.79
2018_Mission.Impossible.Fallout.2018.KORSUB.HDRip.x264-STUTTERSHIT,2018,0.318,0.791,0.218,0.791,0.5,0.718,0.509,0.7,0.655,0.8,0.555,0.782
1992_Sister Act (1992)(includes lyrics),1992,0.454,0.685,0.423,0.685,0.523,0.638,0.692,0.792,0.792,0.892,0.746,0.854
2011_Captain.America.The.First.Avenger.2011.BluRay.720p.DTS.x264-CHD.eng,2011,0.7,0.8,0.6,0.733,0.8,0.9,0.7,0.8,0.8,0.9,0.794,0.894
2013_Despicable.Me.2.2013.720p.BluRay.x264-VeDeTT,2013,0.5,0.6,0.5,0.6,0.5,0.6,0.614,0.714,0.757,0.857,0.686,0.786
2000_Dinosaur.2000.PROPER.1080p.BluRay.x264-Japhson,2000,0.5,0.6,0.5,0.6,0.5,0.6,0.55,0.65,0.675,0.775,0.6,0.7
2019_Star.Wars.Episode.IX.The.Rise.of.Skywalker.2020.BDRip.XviD.AC3-EVO,2019,0.3,0.778,0.2,0.756,0.4,0.778,0.556,0.656,0.656,0.756,0.578,0.756
1980_Ordinary.People.1980.720p.WEB-DL.AAC2.0.H.264-BS.eng,1980,0.45,0.65,0.425,0.65,0.5,0.625,0.525,0.7,0.308,0.817,0.408,0.742
1977_The.exorcist.II.-.the.heretic.[shareprovider.com],1977,0.467,0.633,0.45,0.633,0.5,0.617,0.55,0.65,0.567,0.667,0.55,0.667
1977_The.Spy.Who.Loved.Me.1977.DVD5.720p.HDTV.x264-NBS.eng,1977,0.386,0.8,0.329,0.8,0.529,0.8,0.543,0.7,0.657,0.757,0.579,0.757
1989_Batman.1989.720p.BluRay.x264-SiNNERS.ENG,1989,0.443,0.657,0.414,0.657,0.5,0.629,0.471,0.629,0.529,0.643,0.5,0.643
2007_Spider.Man.3.2007.1080p.BluRay.x264.YIFY,2007,0.5,0.6,0.5,0.6,0.5,0.6,0.525,0.625,0.537,0.687,0.531,0.656
2000_Gladiator.EXTENDED.EDITION.2000.BluRay.1080p.DTS.x264.dxva-EuReKA.ENG,2000,0.233,0.8,0.133,0.789,0.422,0.767,0.489,0.7,0.611,0.756,0.517,0.756
2002_Men.In.Black.II.2002.1080p.Blu-ray.AVC.DTS-HD.MA.5,2002,0.5,0.622,0.5,0.622,0.5,0.622,0.5,0.6,0.533,0.633,0.522,0.622
1994_Speed.1994.BluRay.1080p.DTS.x264.dxva-EuReKA.ENG,1994,0.37,0.69,0.33,0.69,0.45,0.65,0.48,0.63,0.55,0.67,0.51,0.66
1987_The.Secret.of.My.Success.1987.720p.BluRay.X264-AMIABLE,1987,0.417,0.683,0.35,0.708,0.508,0.608,0.525,0.667,0.6,0.75,0.55,0.725
1977_Star.Wars.Episode.IV.A.New.Hope.(1977).DVDRip.XviD-UnSeeN,1977,0.433,0.8,0.35,0.758,0.517,0.825,0.692,0.792,0.792,0.858,0.733,0.833
2017_It,2017,0.344,0.722,0.267,0.722,0.5,0.611,0.467,0.744,0.622,0.8,0.556,0.767
1977_Close.Encounters.of.the.Third.Kind.Collectors.Edition.1977.720p.BluRay.DTS.x264-ESiR.ENG,1977,0.425,0.7,0.388,0.7,0.512,0.675,0.612,0.713,0.662,0.762,0.625,0.762
2002_Spider-Man.2002.720p.BluRay.DTS.x264-ESiR.ENG,2002,0.478,0.622,0.467,0.622,0.5,0.611,0.511,0.611,0.589,0.689,0.544,0.656
2018_Deadpool 2,2018,0.308,0.783,0.217,0.783,0.483,0.7,0.575,0.692,0.7,0.808,0.604,0.783
1990_Total.Recall.1990.BluRay.1080p.x264.DTS.dxva-xander.ENG,1990,0.225,0.8,0.125,0.8,0.325,0.8,0.562,0.688,0.65,0.775,0.588,0.775
2008_Madagascar-Escape.2.Africa[2008]DvDrip-aXXo.en,2008,0.5,0.6,0.5,0.6,0.5,0.6,0.7,0.8,0.8,0.9,0.744,0.844
2017_Thor.Ragnarok.2017.720p.WEB-DL.H264.AC3-EVO,2017,0.318,0.782,0.227,0.773,0.445,0.745,0.591,0.691,0.7,0.8,0.605,0.791
2012_The.Twilight.Saga.Breaking.Dawn.Part.2.2012.NEW.TS.XviD.AC3-ADTRG,2012,0.5,0.733,0.5,0.733,0.5,0.733,0.7,0.8,0.8,0.9,0.75,0.875
1985_Fletch.1985.1080p.BluRay.x264-Japhson.ENG,1985,0.2,0.8,0.118,0.8,0.455,0.627,0.491,0.691,0.618,0.755,0.541,0.727
2022_Thor.Love.and.Thunder.2022.1080p.WEB-DL.DDP5.1.Atmos.H.264-EVO,2022,0.318,0.755,0.236,0.755,0.482,0.7,0.527,0.7,0.645,0.773,0.577,0.764
2024_Sonic The Hedgehog 3,2024,0.478,0.622,0.467,0.622,0.489,0.622,0.522,0.622,0.611,0.711,0.567,0.672
2021_Free.Guy.2021.BDRip.XviD.AC3-EVO.v2,2021,0.393,0.7,0.343,0.7,0.5,0.65,0.65,0.757,0.743,0.843,0.686,0.811
1979_The.Jerk.1979.1080p.HDDVD.x264-FSiHD.ENG,1979,0.48,0.62,0.47,0.62,0.5,0.61,0.59,0.69,0.67,0.77,0.63,0.74
2019_Joker.2019.720p.HC.HDRip.XviD.AC3-EVO,2019,0.178,0.811,0.089,0.811,0.422,0.678,0.289,0.8,0.389,0.778,0.289,0.8
2009_Harry.Potter.and.the.Half.Blood.Prince.2009.720p.BluRay.DTS.x264-WiKi.eng,2009,0.482,0.618,0.473,0.618,0.5,0.609,0.527,0.627,0.691,0.791,0.605,0.714
2024_Moana.2,2024,0.5,0.6,0.5,0.6,0.5,0.6,0.689,0.778,0.8,0.889,0.756,0.844
2002_My.Big.Fat.Greek.Wedding.2002.DVDRip.XviD.AR - ENG,2002,0.525,0.625,0.512,0.613,0.537,0.625,0.725,0.8,0.825,0.9,0.812,0.888
2009_Star.Trek.2009.BluRay.1080p.DTS.x264.dxva-EuReKA.ENG,2009,0.508,0.658,0.492,0.65,0.55,0.65,0.525,0.625,0.55,0.65,0.537,0.65
2005_Star.Wars.Episode.III.Revenge.of.the.Sith.(2005).DVDRip.XviD-UnSeeN,2005,0.289,0.756,0.222,0.756,0.4,0.722,0.422,0.711,0.5,0.756,0.433,0.744
1993_Jurassic.Park.TUC.1993.DVDRip.XviD.Subs.EN-UnSeeN,1993,0.48,0.62,0.47,0.62,0.5,0.61,0.51,0.61,0.52,0.62,0.51,0.62
1995_Die.Hard.With.A.Vengeance.1995.1080p.BluRay.x264-WPi.ENG,1995,0.325,0.775,0.238,0.775,0.5,0.687,0.512,0.687,0.637,0.775,0.562,0.756
2013_Iron.Man.3.2013.720p.BluRay.x264-SPARKS,2013,0.3,0.8,0.2,0.793,0.479,0.729,0.536,0.686,0.657,0.786,0.568,0.764
1983_Trading.Places.1983.BluRay.1080p.DTS.x264.dxva-FTW-HD.ENG,1983,0.19,0.8,0.13,0.8,0.51,0.64,0.52,0.71,0.7,0.81,0.62,0.79
1983_Flashdance.[Flashdance].1983.DVDRip.XviD.telumethar.eDonkers.cd1.ENG,1983,0.5,0.6,0.5,0.6,0.5,0.6,0.7,0.8,0.8,0.9,0.75,0.85
1994_The.Mask.1994.BluRay.1080p.DTS.x264.dxva-EuReKA.ENG,1994,0.443,0.657,0.414,0.657,0.5,0.629,0.529,0.629,0.7,0.8,0.6,0.729
2025_Mickey17,2025,0.193,0.8,0.1,0.8,0.3,0.78,0.513,0.673,0.58,0.747,0.513,0.727
2005_Madagascar[2005]DvDrip-aXXo.en,2005,0.5,0.6,0.5,0.6,0.5,0.6,0.5,0.6,0.644,0.733,0.578,0.667
2022_Sonic. the. Hedgehog. 2. 2022. 1080p. WEBRip. DDP5. 1. Atmos. x264-NOGRP,2022,0.5,0.6,0.5,0.6,0.5,0.6,0.52,0.62,0.62,0.71,0.575,0.665
2006_The.Da.Vinci.Code.2006.Extended.720p.BluRay.x264-BestHD.eng,2006,0.3,0.8,0.2,0.8,0.486,0.707,0.586,0.714,0.657,0.793,0.589,0.779
2003_Pirates.of.the.Caribbean.The.Curse.of.the.Black.Pearl.Remastered.2003.720p.BluRay.DTSx264-ESiR.eng,2003,0.34,0.8,0.26,0.8,0.51,0.72,0.6,0.71,0.7,0.8,0.6,0.8
2011_The.Twilight.Saga.Breaking.Dawn.Part.1.2011.720p.BluRay.x264-SPARKS English,2011,0.475,0.625,0.463,0.625,0.5,0.612,0.562,0.662,0.725,0.825,0.631,0.744
1998_Theres.Something.About.Mary.1998.Extended.1080p.BluRay.x264.Codres.ENG,1998,0.5,0.6,0.5,0.6,0.5,0.6,0.5,0.6,0.367,0.76,0.433,0.68
1988_Cocktail,1988,0.5,0.58,0.5,0.58,0.5,0.58,0.5,0.58,0.5,0.58,0.5,0.58
1994_Forrest Gump,1994,0.546,0.777,0.5,0.738,0.7,0.823,0.677,0.777,0.777,0.877,0.754,0.869
1992_Aladdin.1992.1080p.BluRay.X264-AMIABLE,1992,0.46,0.63,0.44,0.63,0.5,0.61,0.56,0.65,0.64,0.73,0.585,0.695
2019_Avengers Endgame 2019 NEW 720p HDCAM x264-iMaX,2019,0.485,0.623,0.469,0.623,0.508,0.623,0.631,0.731,0.715,0.815,0.642,0.75
1979_10,1979,0.5,0.578,0.5,0.578,0.5,0.578,0.5,0.578,0.5,0.578,0.5,0.578
1995_Waterworld.en,1995,0.162,0.8,0.138,0.8,0.238,0.75,0.425,0.662,0.538,0.738,0.462,0.713
2011_POTC 4 - On Stranger Tides (2011) 720p BluRay AC3 x264 - AdiT.english,2011,0.34,0.75,0.26,0.75,0.43,0.75,0.54,0.65,0.58,0.72,0.525,0.71
2015_Furious.Seven.2015.EXTENDED.720p.BluRay.x264-SPARKS,2015,0.48,0.67,0.45,0.66,0.54,0.66,0.62,0.71,0.77,0.84,0.695,0.785
1986_Crocodile.Dundee.1986.720p.BluRay.X264-AMIABLE,1986,0.5,0.6,0.5,0.6,0.5,0.6,0.7,0.8,0.8,0.9,0.75,0.85
2019_Captain Marvel (2019).[720p HQ DVDScr - HQ Line Audios - [Hindi + Eng] - x264 - 950MB],2019,0.5,0.667,0.478,0.656,0.533,0.689,0.589,0.689,0.711,0.811,0.633,0.744
1989_Look,1989,0.5,0.6,0.5,0.6,0.5,0.6,0.633,0.733,0.767,0.867,0.717,0.817
1979_The.Amityville.Horror.1979.Blu-ray.Re.x264.1080p.DTS-HDS.ENG,1979,0.5,0.6,0.5,0.6,0.5,0.6,0.5,0.6,0.5,0.6,0.5,0.6
2023_Ant.Man.And.The.Wasp.Quantumania.2023.1080p.WEB-DL.DDP5.1.Atmos.H.264-CMRG,2023,0.389,0.7,0.333,0.7,0.444,0.7,0.567,0.667,0.656,0.756,0.583,0.728
2007_Tranformers.2007.1080p.BluRay.DTS.x264-ESiR.ENG,2007,0.512,0.637,0.494,0.625,0.537,0.644,0.5,0.612,0.537,0.637,0.519,0.625
1984_Indiana Jones and the Temple of Doom 1984 1080p Blu-ray AVC DTS-HD,1984,0.24,0.8,0.16,0.8,0.4,0.72,0.46,0.74,0.64,0.8,0.54,0.78
2013_Star.Trek.Into.Darkness.2013.BluRay.720p.x264-HDWinG,2013,0.292,0.8,0.192,0.8,0.423,0.792,0.546,0.654,0.646,0.754,0.577,0.742
1987_Lethal.Weapon.1.1987.1080p.BluRay.x264-CtrlHD.ENG,1987,0.3,0.787,0.2,0.775,0.5,0.725,0.475,0.7,0.637,0.8,0.538,0.8
2015_Jurassic World,2015,0.3,0.778,0.222,0.778,0.4,0.767,0.5,0.656,0.6,0.733,0.533,0.711
2019_The.Lion.King.2019.BDRip.XviD.AC3-EVO,2019,0.389,0.644,0.389,0.644,0.389,0.644,0.678,0.778,0.789,0.889,0.717,0.817
1987_The.Witches.Of.Eastwick.1987.1080p.Bluray.X264-BRMP.ENG,1987,0.387,0.7,0.35,0.7,0.5,0.625,0.437,0.7,0.512,0.75,0.462,0.725
2006_Pirates.of.the.Caribbean.Dead.Mans.Chest.2006.DIRFIX.DVD9.720p.BluRay.x264-REVEiLLE.eng,2006,0.3,0.8,0.2,0.8,0.43,0.77,0.6,0.7,0.69,0.79,0.605,0.79
1983_National.Lampoons.Vacation.1983.720p.BluRay.DD1.0.x264-CtrlHD,1983,0.355,0.709,0.318,0.709,0.5,0.627,0.527,0.655,0.6,0.745,0.559,0.718
2015_Star.Wars.Episode.VII.The.Force.Awakens.2015.720p.BluRay.x264-Replica,2015,0.3,0.8,0.2,0.8,0.4,0.8,0.6,0.7,0.7,0.8,0.606,0.789
1996_The First Wives Club,1996,0.482,0.618,0.464,0.627,0.509,0.609,0.582,0.727,0.391,0.791,0.495,0.759
2009_Ice.Age.3 .R5.LINE.XviD-COALiTiON (Edited),2009,0.5,0.6,0.5,0.6,0.5,0.6,0.7,0.8,0.8,0.9,0.742,0.842
2010_Iron.Man.2.(2010).BDRip.AC3.XviD-CaLLiOpeD,2010,0.338,0.769,0.254,0.762,0.5,0.7,0.554,0.677,0.646,0.762,0.585,0.746
1991_The.Silence.Of.The.Lambs.1991.BluRay.1080p.DTS.x264.dxva-EuReKA.ENG,1991,0.344,0.778,0.256,0.778,0.511,0.7,0.444,0.722,0.589,0.778,0.506,0.767
2018_Avengers Infinity War 2018 NEW PROPER HD-CAM 720p Hindi + English X264 CPG - KatmovieHD.Ney,2018,0.38,0.71,0.33,0.7,0.5,0.68,0.56,0.66,0.64,0.74,0.575,0.73
1989_Back.to.the.Future.Part.II.1989.720p.BluRay.X264-AMIABLE,1989,0.482,0.618,0.473,0.618,0.5,0.609,0.491,0.618,0.482,0.618,0.482,0.618
2005_War.of.the.Worlds.2005.mHD.Bluray.DD5.1.x264-EPiK.eng,2005,0.322,0.722,0.267,0.722,0.378,0.722,0.489,0.644,0.544,0.678,0.511,0.678
1981_The.Great.Muppet.Caper.1981.AE.DVDRip.XviD-Shoo.ENG,1981,0.5,0.6,0.5,0.6,0.5,0.6,0.627,0.727,0.764,0.864,0.695,0.795
2023_The.Super.Mario.Bros.Movie.2023.1080p.MA.WEBRip.DDP5.1.Atmos.x264-CMaRioG,2023,0.5,0.6,0.5,0.6,0.5,0.6,0.533,0.633,0.683,0.783,0.608,0.708
2024_Kingdom.Of.The.Planet.Of.The.Apes,2024,0.125,0.8,0.075,0.8,0.175,0.8,0.55,0.675,0.55,0.7,0.537,0.7
1997_Face.Off.1997.1080p.BD9.OXiDE.ENG,1997,0.267,0.8,0.167,0.8,0.478,0.711,0.4,0.689,0.567,0.789,0.467,0.778
2016_The. Jungle. Book. 2016. 720p. BluRay. x264-AN0NYM0US,2016,0.5,0.6,0.5,0.6,0.5,0.6,0.6,0.7,0.675,0.775,0.637,0.738
2020_The.Invisible.Man.2020.HDRip.XviD.AC3-EVO,2020,0.367,0.7,0.35,0.7,0.5,0.6,0.417,0.683,0.317,0.783,0.35,0.75
2007_[HDTeam]El Ultimatum De Bourne[1080p-Bluray][Dual+Subs][By Devilmort].ENG,2007,0.286,0.8,0.186,0.8,0.414,0.771,0.457,0.643,0.543,0.7,0.464,0.7
2014_Guardians.of.the.Galaxy.2014.DVDRip.X264.AC3.5.1-PLAYNOW,2014,0.467,0.622,0.456,0.622,0.478,0.622,0.5,0.6,0.533,0.656,0.511,0.633
2014_The.Hunger.Games.Mockingjay.Part.1.2014.720p.BluRay.x264-SPARKS,2014,0.27,0.8,0.19,0.8,0.37,0.8,0.61,0.71,0.7,0.8,0.615,0.8
2005_The.Chronicles.Of.Narnia.2005.BluRay.1080p.DTS.x264.dxva-EuReKA.ENG,2005,0.5,0.6,0.5,0.6,0.5,0.6,0.7,0.8,0.8,0.9,0.738,0.837
2016_The.Secret.Life.of.Pets.2016.720p.BluRay.x264-SPARKS,2016,0.5,0.6,0.5,0.6,0.5,0.6,0.586,0.686,0.729,0.829,0.657,0.757
1993_Mrs.Doubtfire.1993.720p.BluRay.x264-SiNNERS,1993,0.5,0.6,0.5,0.6,0.5,0.6,0.7,0.8,0.8,0.9,0.761,0.861
1990_back.to.the.future.part.3.1990.720p.bluray.x264-nezu.eng,1990,0.5,0.6,0.5,0.6,0.5,0.6,0.7,0.8,0.8,0.9,0.75,0.85
1981_For.Your.Eyes.Only.1981.REAL.REPACK.1080p.BluRay.x264-RoCKRioT.ENG,1981,0.333,0.767,0.25,0.767,0.5,0.683,0.583,0.683,0.667,0.767,0.592,0.767
1991_Dances.With.Wolves.1990.Directors.Cut.BRRip.XviD.AC3-FLAWL3SS.fixed,1991,0.3,0.8,0.2,0.789,0.433,0.778,0.756,0.889,0.856,0.9,0.839,0.9
1980_Any.Which.Way.You.Can.1980.XViD.5.1.AC3-ShitBusters.ENG,1980,0.5,0.6,0.5,0.6,0.5,0.6,0.643,0.743,0.771,0.871,0.693,0.793
2024_Venom. The. Last. Dance,2024,0.357,0.743,0.286,0.743,0.429,0.743,0.514,0.614,0.614,0.714,0.55,0.686
1985_Witness,1985,0.433,0.667,0.4,0.667,0.5,0.617,0.65,0.733,0.7,0.783,0.658,0.742
1994_The.Lion.King.1994.720p.BluRay.DD5.1.x264-DON,1994,0.438,0.625,0.438,0.625,0.438,0.625,0.7,0.8,0.8,0.9,0.725,0.825
1994_Interview.with.the.Vampire.2008.720p.BluRay.x264-ESiR.ENG,1994,0.45,0.65,0.425,0.637,0.5,0.625,0.475,0.65,0.537,0.713,0.5,0.688
2002_Harry.Potter.and.the.Chamber.of.Secrets.2002.720p.HDDVD.DTS.x264-ESiR.ENG,2002,0.5,0.6,0.5,0.6,0.5,0.6,0.531,0.631,0.592,0.692,0.558,0.658
2011_Thor,2011,0.5,0.587,0.5,0.587,0.5,0.587,0.5,0.587,0.5,0.587,0.5,0.587
1979_Apocalypse Now Redux.en,1979,0.206,0.8,0.111,0.789,0.322,0.8,0.417,0.7,0.422,0.706,0.381,0.706
1978_Jaws.2.ENG.25FPS,1978,0.257,0.8,0.171,0.8,0.429,0.7,0.586,0.686,0.6,0.786,0.564,0.786
2003_Terminator.3.2003.720p.HDDVD.x264-ESiR.ENG,2003,0.15,0.8,0.083,0.8,0.25,0.8,0.517,0.617,0.55,0.683,0.5,0.667
2021_Black.Widow.2021.1080p.WEB.H264-TIMECUT,2021,0.3,0.8,0.2,0.8,0.467,0.733,0.567,0.7,0.644,0.789,0.572,0.778
1993_Proposta.Indecente.[1993].DVDRip.WS.AC3.UnitedShare.ENG,1993,0.357,0.729,0.286,0.729,0.5,0.614,0.429,0.686,0.571,0.814,0.5,0.757
2020_Jumanji.The.Next.Level.2019.HC.720p.HDRip.800MB.x264-GalaxyRG,2020,0.5,0.6,0.5,0.6,0.5,0.6,0.555,0.655,0.727,0.827,0.641,0.741
2002_A.Beautiful.Mind.2001.BluRay.720p.DTS.x264-CHD.eng,2002,0.3,0.8,0.2,0.8,0.47,0.75,0.6,0.7,0.7,0.8,0.61,0.8
1984_Gremlins. 1984. 1080p. Bluray. X264-DIMENSION. ENG,1984,0.283,0.8,0.2,0.8,0.5,0.683,0.567,0.75,0.683,0.833,0.617,0.817
2015_Inside.Out.2015.1080p.WEB-DL.AAC2.0.H264-RARBG,2015,0.5,0.6,0.5,0.6,0.5,0.6,0.709,0.8,0.809,0.9,0.759,0.85
1987_The.Untouchables.1987.720p.BluRay.DTS.x264-ESiR.ENG,1987,0.25,0.8,0.15,0.8,0.5,0.65,0.45,0.713,0.55,0.787,0.475,0.75
2008_Quantum.Of.Solace[2008]DvDrip-aXXo.en,2008,0.3,0.8,0.2,0.8,0.5,0.7,0.457,0.714,0.629,0.786,0.529,0.786
2017_Logan,2017,0.178,0.811,0.111,0.811,0.267,0.811,0.567,0.711,0.7,0.8,0.589,0.8
1983_SW.Episode.6.Return.of.the.Jedi.1983.BluRay.1080p.DTSES6.1.x264-CHD.eng,1983,0.443,0.657,0.414,0.657,0.486,0.643,0.629,0.729,0.757,0.857,0.671,0.8
1998_Godzilla,1998,0.5,0.589,0.5,0.589,0.522,0.611,0.5,0.589,0.511,0.6,0.511,0.6
2012_Skyfall.2012.720p.BluRay.x264-DAA.eng,2012,0.288,0.8,0.2,0.8,0.487,0.7,0.487,0.688,0.613,0.787,0.525,0.75
2014_Dawn.of.the.Planet.of.the.Apes.2014.1080p.BluRay.x264-SPARKS,2014,0.08,0.8,0.06,0.8,0.12,0.8,0.48,0.68,0.6,0.74,0.53,0.72
1978_Every.Which.Way.But.Loose.1978.1080p.BluRay.x264-aAF.ENG,1978,0.5,0.6,0.5,0.6,0.5,0.6,0.5,0.6,0.675,0.775,0.588,0.688
2020_1917,2020,0.317,0.733,0.25,0.733,0.383,0.733,0.55,0.65,0.583,0.717,0.542,0.717
2018_Ant Man and the Wasp 2018 New HDCAM-X264-Sexxy,2018,0.5,0.6,0.5,0.6,0.5,0.6,0.573,0.673,0.718,0.818,0.636,0.736
2021_Ghostbusters.Afterlife.2021.1080p.AMZN.WEB-DL.DDP5.1.H.264-EVO,2021,0.5,0.6,0.5,0.6,0.5,0.6,0.611,0.711,0.644,0.744,0.622,0.722
2019_Toy.Story.4.2019.720p.HDCAM-1XBET,2019,0.5,0.6,0.5,0.6,0.5,0.6,0.7,0.8,0.8,0.9,0.75,0.85
1996_Twister.1996.720p.BluRay.x264-HALCYON,1996,0.45,0.65,0.425,0.65,0.5,0.625,0.675,0.787,0.725,0.838,0.694,0.819
2024_Gladiator.II,2024,0.2,0.8,0.1,0.8,0.386,0.8,0.5,0.7,0.6,0.771,0.507,0.729
2008_Wall-E[2008]DvDrip-aXXo.en,2008,0.12,0.84,0.06,0.84,0.22,0.78,0.54,0.76,0.72,0.82,0.62,0.8
1982_Star Trek 02 Wrath Of Khan 1982 1280x528.eng,1982,0.433,0.756,0.4,0.756,0.489,0.756,0.6,0.722,0.678,0.778,0.611,0.767
2007_300.eng,2007,0.271,0.771,0.186,0.771,0.529,0.8,0.6,0.714,0.686,0.771,0.6,0.771
1995_Pocahontas.1995.720p.BluRay.x264.DTS-WiKi.eng,1995,0.362,0.712,0.3,0.712,0.425,0.7,0.65,0.737,0.687,0.787,0.644,0.762
1979_meatballs.1979.720p.bluray.x264-psychd-eng,1979,0.5,0.545,0.5,0.545,0.5,0.545,0.5,0.545,0.518,0.564,0.509,0.555
1985_Cocoon.1985.1080p.BluRay.x264-CiNEFiLE.ENG,1985,0.5,0.6,0.5,0.6,0.5,0.6,0.6,0.7,0.75,0.85,0.675,0.775
1993_Cliffhanger.1993.Blu-ray.720p.x264.DTS-CHD.ENG,1993,0.337,0.65,0.3,0.65,0.4,0.65,0.475,0.588,0.487,0.613,0.469,0.606
2000_The.Perfect.Storm.2000.720p.BluRay.DDEX.x264-ESiR.ENG,2000,0.475,0.625,0.475,0.625,0.5,0.6,0.55,0.65,0.65,0.75,0.594,0.694
1999_The.Sixth.Sense.1999.REMASTERED.720p.BluRay.x264-iLLUSiON,1999,0.5,0.6,0.5,0.6,0.5,0.6,0.633,0.733,0.683,0.783,0.658,0.758
2024_The.Wild.Robot,2024,0.475,0.625,0.463,0.625,0.487,0.625,0.612,0.713,0.688,0.787,0.656,0.756
2012_amazingspiderman,2012,0.5,0.59,0.5,0.59,0.5,0.59,0.5,0.59,0.54,0.63,0.52,0.61
2003_X2 X-Men United 2003 Dvdrip Xvid Ac3.5.1Ch Cd1-Waf,2003,0.3,0.8,0.2,0.8,0.4,0.8,0.6,0.7,0.65,0.775,0.588,0.775
1980_Stir Crazy,1980,0.267,0.8,0.167,0.8,0.5,0.644,0.556,0.7,0.678,0.8,0.606,0.778
1990_Teenage.Mutant.Ninja.Turtles.1990.1080p.BluRay.x264-HDCLASSICS.ENG,1990,0.5,0.6,0.486,0.614,0.514,0.614,0.529,0.629,0.671,0.771,0.6,0.7
1979_Moonraker. 1979. BluRay. 720p. x264. AC3-CMCT,1979,0.233,0.75,0.183,0.75,0.333,0.733,0.483,0.65,0.567,0.7,0.517,0.7
1983_Staying.Alive.1983.DVDRip.XviD.AR - ENG,1983,0.5,0.6,0.5,0.6,0.5,0.6,0.5,0.6,0.533,0.633,0.517,0.617
2024_Dune.Part.Two,2024,0.2,0.8,0.15,0.8,0.3,0.8,0.7,0.85,0.8,0.85,0.75,0.85
2012_Brave.2012.720p.BluRay.x264.AC3-HDChina,2012,0.533,0.633,0.517,0.617,0.55,0.65,0.717,0.8,0.817,0.9,0.767,0.85
2021_A.Quiet.Place.Part.II.2020.PROPER.1080p.WEB-DL.DDP5.1.Atmos.H264-CMRG,2021,0.1,0.8,0.1,0.8,0.15,0.75,0.55,0.65,0.6,0.75,0.55,0.7
2024_A.Quiet.Place.Day.One,2024,0.3,0.8,0.2,0.8,0.5,0.7,0.6,0.7,0.7,0.8,0.6,0.8
